level_pct,vibration_rms,weight_kg,flow_rate,inlet_flow,outlet_flow,blocked
89.87504950151309,3.493476242559638,8.370104214594821,20.90680606480393,0,1,0
51.01947975329254,2.756922860872721,7.060785172436225,14.726608372010215,1,1,0
92.86193351369337,2.4366926658205736,6.237877490505844,23.64855019606717,1,1,1
12.275242150604196,3.7703114994948415,4.9401645663351506,15.658522130387077,1,1,1
59.66202487955267,4.188559405194585,7.869561868763869,24.66860151815697,1,1,1
38.88379259395453,3.7484467783529016,8.623630398788329,16.106027522646695,1,1,0
77.17110862872265,3.6874061779684073,11.396074056240705,16.908882971369387,1,1,1
20.707503452962563,1.7516802079249116,11.965211567814544,16.74467157726557,1,1,0
83.44717467688908,1.8694200703753336,10.826106513983436,11.484719375386158,1,1,0
53.954726068714834,1.5377627706334238,9.021487721846494,14.924653417829385,0,1,1
86.19935717443896,1.2927411131312965,11.929926965464228,19.305357858856503,1,1,1
47.94381714552856,1.3427919729418367,2.30458963032191,22.103979998294705,1,1,0
43.744664995647184,0.37750083908029836,7.902949663949654,15.73564955602718,1,0,1
76.00520457898965,2.290072244391197,2.1685709514413003,14.133846336938225,1,1,1
93.57376999380092,2.56515156789941,4.853449676457402,23.99286655635242,1,1,1
38.27532133871859,3.3399694582336625,1.5738722216858445,17.88232551918464,1,1,1
92.20395823846114,2.4762441328872087,7.016034401370921,22.21802981372454,1,0,1
88.61237489888775,0.9329740677687159,3.2507488217577034,12.83358033272394,1,1,0
20.9923327185783,2.1134768745124055,9.154987518070197,25.237182277686088,1,1,0
59.796645516009285,2.2343160735600587,1.2608768668443255,26.612016065804145,1,1,1
68.43782710082684,1.0282475969004754,9.258052762987237,8.925457994611186,1,0,1
89.85233112162504,3.4632586343791663,8.19813394248125,26.35143603043816,1,1,1
64.9091675269178,0.95981629254923,9.248516271797454,19.857333713792503,1,1,0
17.005617990652382,1.487587841818802,9.363885277969006,8.387415251638018,1,1,0
49.808083890683704,3.941365483443317,11.643717744071699,8.959287870569998,1,0,1
49.42578505605034,3.1939963636447173,10.849415526015688,21.86275009005761,1,1,1
50.02035704138713,3.587571311644605,9.28254171999772,12.865842390136786,1,0,1
91.27240574983225,1.6981915136705024,9.400321647323363,16.110578034782968,1,1,1
36.49436598400293,3.169305520705696,2.769373881535282,18.769867212615505,0,1,0
25.139403210039436,1.3301818609524874,7.59682549954002,17.374786926200553,0,1,0
51.98783019903029,1.9559484552892983,8.136254836870814,11.027560793951187,1,1,1
62.705383156852534,2.2721820158519215,6.787317842904488,15.861582786912436,1,1,1
89.51963480816079,3.424323454614994,3.6986867067366394,27.949478979817094,1,0,1
57.38142205823412,0.686311539030082,10.463575949553025,27.900333409646436,0,0,0
29.105005126242965,4.084576948189689,10.295660080125504,16.01482569101927,0,1,0
88.67972257772603,0.5263210566648298,10.413080638175833,27.164125498439976,1,1,0
49.25527561512289,3.4027286394194296,9.800595942039582,19.421277372321278,1,1,1
65.82207784401733,1.1617132610805438,5.635784628476489,21.226514397578722,1,1,1
47.843501942786176,0.7171835274914675,3.9662746371695565,22.26853307199326,1,1,0
24.528202377979557,3.8350472853470703,7.641480294816011,27.081206713037297,1,1,1
67.32968402395045,1.9199566845677907,9.902530008773574,14.268688800566126,0,1,1
74.35674347825694,3.602698829776547,4.089240634588911,25.578332597064282,1,0,1
22.17096547326839,1.6880974354712321,11.531588480509317,24.247569204004982,1,1,0
46.39244114736334,0.9878945142439413,10.232409462170308,25.60292336057956,1,1,1
37.563355391171825,1.2422995252591214,8.762349070996809,21.779650280580025,1,1,0
20.365683750164735,2.420211325144921,7.7863905190557015,24.853601227661333,1,1,0
24.92164938702085,3.9767323023446597,1.3655301246067955,23.977231680182506,1,1,0
91.62566701937406,1.810391327066134,2.0883060340334563,24.810502286771133,1,1,1
84.58007464686031,2.0911899988030647,9.16955829227468,22.186214411507514,0,1,0
39.40626435753013,0.34113871380848365,8.341065860351474,22.713558668072448,1,1,0
71.55259188215395,2.183900347195151,5.309170448833088,11.673358213339135,1,1,1
8.777123346314346,1.735033447796592,9.137934350481597,18.388905470783627,1,1,0
87.35514811161552,1.7223817430437387,5.291397325088501,13.13844522157604,1,1,1
53.3453766092692,2.633702842501669,5.093512889604382,27.549199789623767,1,1,1
78.82410231661494,3.423084001300202,1.8335025512125036,8.691448762417775,1,0,1
29.83444318086562,1.1017431955577675,10.693904521877114,11.047532727095827,1,1,1
38.8511431861161,1.5683320709465691,1.2993713981823867,9.208039468017219,1,1,1
36.32393470206475,2.333991526650158,9.597859287763352,14.808380430218916,1,1,0
92.51957009401303,3.6191359569442767,10.176670829528447,17.328504919711115,1,1,1
43.65138946304604,2.444214713113195,3.595880080663419,14.583673272281032,1,0,1
49.9723466478797,0.5964962533335567,9.980678584769517,21.98688247678158,1,1,0
91.03810370168536,4.057876022069381,11.8100440777726,27.46112859913529,1,1,1
86.28760295156643,1.2003362062976508,7.634931437768477,15.430666519805584,1,1,1
40.550945923412144,2.851555768984086,5.107026102818154,8.774361147446212,1,1,1
32.6622127756132,3.5643090531698167,5.293086693261627,13.709876496439644,1,1,1
77.63431425215343,0.3242625953538652,9.319055617643883,26.959295411241808,1,1,0
14.672443088235337,3.0892704101967037,1.7313295323052662,8.633452657262282,1,1,1
40.2970022326958,3.5856846520251753,3.569504887047262,14.079945824989661,0,1,0
83.87904354649476,2.862765402846472,1.0603615836832785,14.904248701688783,1,1,1
87.58781733493879,2.574455161609585,8.871993766888163,22.031531742398812,1,1,1
26.012864179548664,0.9937458972297109,11.39881344249866,20.948281967176733,0,1,0
12.084813545958935,4.124688026993252,9.915464831174335,13.795356328626987,1,1,0
75.89547486123845,0.20876570276205692,11.49956352036693,22.31407453323235,0,1,0
60.960025885642125,3.9994527177702985,1.6134642091623332,9.207776908529276,1,1,1
26.375433586145352,3.453837810321433,9.330476459680057,23.182074713532362,1,0,0
50.530387478990576,3.819660500603977,11.048089483716701,16.911051502879648,1,1,1
11.427639986769488,0.3949674531703334,7.772846373826567,21.6193349188427,1,1,0
68.0078588470532,3.8245116142786135,4.768947779839029,14.918082856032042,1,1,1
52.40529103694507,3.4490455538939933,9.896349068111684,21.99746609090367,1,1,1
68.4183077996014,3.3031077962744386,7.344602015935051,8.640555500045249,1,1,1
12.935243570862115,1.3765639300687027,6.559857032380719,26.67659492523064,1,1,0
63.033352097112825,1.1071352591759809,11.40615185266841,17.623175118963772,0,1,1
38.330229483028624,0.5288746437391005,10.5902407282456,15.742249099110667,1,1,1
49.93777093942472,3.4518944091481156,5.678598825717346,17.978172339279386,1,1,1
35.193424978266464,3.520414157976764,8.481791482723715,23.114657042950498,0,1,0
62.067787372289246,0.6354723128198174,7.117346512203568,21.012065251804987,1,1,0
56.14348415648061,0.7028206394101357,8.864225855325891,21.374713165736267,1,1,1
60.540328138209986,1.4844189467186204,9.025309436889893,19.124265816855743,1,1,1
10.704165861007187,1.0222756191558677,11.000720976065777,24.049784925642534,1,1,0
25.262744091011022,2.013061599654196,9.814623405372181,11.312994647492038,1,1,0
11.471410469425106,2.9950735589814856,11.363710417335179,23.939139975984183,1,1,0
39.49680648324195,3.42098305216193,2.6831629819701566,13.76284275721336,1,1,1
48.29076443981132,0.8039750650587989,8.153283147084302,8.345927739097041,1,0,1
15.110774848628466,1.7940763217057254,3.786968435974404,13.367622707829124,0,1,0
65.08301764033989,0.4276212721335962,11.611651625206939,21.667787304397866,1,1,1
48.86210806637343,1.6645414881950125,4.148867349523979,17.765610903989746,1,0,1
50.029674085837506,0.650770307214777,5.801316456937034,18.767235710356847,1,1,0
58.77192569025355,0.4906624854783764,6.51197917772507,26.241133393121267,1,1,1
89.13905564937076,1.4328745083505867,3.3487671988234764,14.941035213330862,0,1,1
57.99784699925588,0.8094083170867143,8.419764105301056,16.991942546460255,1,1,1
13.413430710559567,0.6109115105184426,10.355001157666942,26.4150173942703,1,1,0
18.182230446627017,0.6800068165708664,4.282278874743353,20.08938453075956,0,1,0
67.45038143291015,2.7497558834801086,11.361966953583458,10.607724856996454,1,1,1
34.03554957295093,0.6077464450148382,10.918821792842746,8.632306751251818,1,1,0
72.97585029516611,0.9644508925856623,1.8103088325438277,17.171422149984547,1,1,1
50.957492459931096,3.4379951641404896,5.78344240123224,27.36511339059546,1,1,0
39.17196945227082,1.6732513337488102,7.782440704962689,21.954625607029136,0,1,0
71.55038231853617,1.1147543132067075,8.255100952612185,19.385151856558416,1,1,1
21.468272544192416,4.070624819042767,11.45619938083324,10.407768129677327,1,1,1
30.633134216852085,4.103341011044797,3.526517742354102,9.743020860501293,0,1,0
31.274674010976117,2.1324187516020365,5.464520940170351,16.66672274630581,1,1,1
42.378623872365466,1.4991082261311435,5.682808756530403,14.399215365450374,1,1,0
86.64024643759305,3.2210190948654063,6.372123685183675,26.571380490951476,1,1,1
78.12856669803615,3.691057175503959,10.824827837293405,24.815841254800027,1,1,1
78.94430480851915,1.9011244105199812,3.2681406905610357,27.367146813459847,0,1,0
61.80348767500492,3.530323680069008,6.7285623719779,14.28972136412468,1,1,1
5.739243830279972,3.717625399772825,11.645415808100529,27.14658600138705,1,1,1
30.751974848804974,0.2249366147226371,3.1576964134775185,23.984463416642825,1,1,0
50.16194624203428,4.064443227586785,6.369213451117965,12.32887383883976,1,1,1
85.86092751802045,0.5090077782257076,11.596716929378895,23.359033429395897,1,0,1
37.7400582580157,1.5774449321359711,7.6498532333522835,8.974492481325163,1,1,0
54.55035171827015,3.8137477888599745,7.481689442292463,8.110165636912052,0,0,1
81.36903543151874,3.937027056426796,5.546763523280424,23.425348072450227,1,1,1
35.726584285738035,1.0398716158811159,7.878888723949484,14.428252915426082,1,1,0
72.3267352522288,1.7911349474764438,1.4011073399228287,16.240458804434663,1,1,1
58.55244928922303,3.2253639479086726,10.716377422326495,10.507713352740915,1,1,1
52.279870346862914,3.9636710915417335,1.3347145123311885,10.658154196758227,1,1,1
61.68118240030394,3.408550638510946,9.667352183078203,27.786937273900744,1,0,1
48.63694711559904,1.9109446144478597,7.632389285886374,8.848674875606497,0,1,0
15.167529977089822,4.061424501708973,7.294090437411587,16.4651903254628,1,1,0
85.7215203451128,1.7638321903611003,4.237028793824478,24.303403438779974,1,1,1
92.27594584942588,1.9213105330676898,9.0243662146458,21.563489075228873,1,1,0
79.98472910014601,4.039629834075866,4.6039098167722905,17.051115272044683,1,1,0
36.841267725761114,1.334191784212505,9.436589033055984,27.319978538903207,1,1,0
62.05232551639043,0.2836765365607648,11.949826241122668,26.36781730205676,1,1,1
74.36867854884476,1.3727935980542234,5.303691631419512,8.964031435534604,1,0,1
10.602264185683328,3.166768974986376,9.600612632701283,17.495765288740234,1,1,0
76.05008118449034,2.5204856053300215,2.5416516489080854,22.491149323243697,1,1,1
12.64050112870893,0.2812077416723516,8.259352155833437,13.370239880628294,0,1,0
89.58417682028391,1.0724003813680947,3.854526545830137,21.23189653174481,1,1,1
26.731533809599412,3.670934579874487,6.744203599969116,11.329959190297682,1,0,1
91.68279097060014,3.439746467700274,1.6756799028600708,10.906574374020527,1,0,1
25.886714827365488,1.9668164834186983,3.0620443244610076,10.376157061987495,1,1,0
53.18463783529956,1.3005849694500748,7.7071681602064785,26.999779221631666,1,1,0
79.83258502955948,2.681161488388616,11.234329399659028,11.746021534651632,1,0,1
93.87879166625193,0.3304296185654641,9.17666982029673,25.633141020428823,1,1,1
68.51273941243898,2.016109050895889,2.453915578187245,22.812211605686997,1,1,1
80.12529317052868,3.011299105783123,5.5707168955118505,10.439379579118622,0,1,1
40.260751749757134,3.2846829954400056,9.713508229324454,20.160256287135592,1,1,0
72.56451184229789,1.296625555963382,1.646638252160935,18.00311584783035,1,1,1
39.618025993624926,0.2098773170632529,9.488265170834733,20.391147422385654,1,0,0
88.68618446508434,1.858356198597664,1.2371933297848963,16.187031498983416,1,1,1
74.6152729541803,2.38231306385753,9.819099525639684,25.185558364412014,1,1,0
39.146665275042984,2.3689122804012936,5.914407906886133,25.664687626378317,1,1,0
75.579792719382,0.841569867145987,9.043871621847806,19.147471652387303,1,1,1
10.986043731842004,1.3537534580770936,11.26226101739889,19.86203599055845,1,1,0
88.25687390536048,2.1470144266688194,4.664609952020283,10.40303663036248,1,1,1
67.38133960189907,0.903531948375641,5.963862130206121,8.518647339136782,1,1,0
34.447936687027195,1.801395339455672,5.1363586540890065,15.446534291677494,1,1,0
63.22524355250369,0.2524519295640342,1.8976235594234623,21.454493733623508,1,1,1
75.58484199953229,2.2142742290062314,6.32079898103385,15.04851266188507,1,0,1
61.548353954077925,1.7358516119891758,5.952083728835684,21.32988900020336,1,1,0
84.79435405381166,3.790031389255285,5.876130948749659,10.818621323854831,1,1,1
42.38213073446914,3.6514154885920944,8.756323273449848,18.361191233991658,1,1,0
33.800960078292015,0.2156266867933841,10.858531270071568,20.930800410895376,0,1,0
38.38583550825537,1.3757193544491224,10.315111861075245,27.42757361677271,1,1,0
30.3563260915959,0.642654345667004,10.486941092316526,12.435884782273318,1,1,0
48.116425500846645,1.497196264965652,10.240716250144525,9.33762468399744,1,1,0
73.16607962832198,1.4308495446616531,6.211900084815347,8.902893136215983,0,1,1
83.71089486539809,0.3059902863940896,3.283330121826952,8.05730240905255,1,0,1
61.947609596156845,1.1135423561435787,3.1247081510547,22.519517633091695,1,1,1
75.71784643193944,1.3435141809026,8.942649303922066,13.38985058674687,1,1,1
92.30639361995856,3.7594394649885134,11.390994018771831,15.674469412467829,0,0,1
64.37360160780709,2.838261924419498,8.043100190305003,26.277138281312716,1,1,1
12.616936370034075,2.238203188347396,8.203131197887501,12.99743950994917,0,1,0
61.30324400299301,0.7793169675788174,5.4223896827826765,23.753121549107703,1,1,1
6.784037941273939,3.6467033627299426,4.068754475365712,12.07071114283947,1,1,0
65.9900668495912,0.25971165218330033,9.937731584804629,8.443323882358237,1,1,1
94.85717434377418,3.9374508240958916,2.023495718706288,10.983575428774497,1,1,1
48.97324406856438,3.7347486701841444,11.480617217114897,10.470756895891157,1,1,1
88.97166323366628,0.6805320958821992,7.089972548893865,15.781013904257225,1,1,1
6.762422743949159,0.33915715155937126,11.277647835035909,26.182729590148995,1,1,0
91.86267299779222,2.4204830300398226,6.308049354603185,25.800828192203394,1,0,1
20.15430837254874,2.726763769791252,1.6203628503976133,26.32658755501322,1,1,0
80.55705185535322,2.1317439092530304,4.682311884654253,10.639893984068351,1,1,1
31.84616847516722,3.1245165186186057,4.818940636323194,24.58311983727597,1,1,1
40.392612191955344,3.4689582858714783,7.916482195909043,22.108018348144412,0,1,0
16.930995894267653,0.42182992217837684,3.0979063133562517,22.772283800128225,1,1,0
8.3689172452588,2.574615785088823,1.901635729447219,14.48918785487629,1,1,0
72.6974140430776,0.7215555313657596,8.761277096126912,13.421429723010176,1,1,1
72.1496896059569,3.9734253799985506,11.137332199961161,10.89373218632732,1,1,1
16.115458794061205,3.4611089187981716,10.459294124288158,15.4105427448438,0,0,0
61.031266001255155,2.706850048320247,5.563640603851037,16.520014219055998,1,1,0
28.18081119558727,1.7187131202140284,1.0208999346834182,11.014133025911592,0,1,0
85.70305302324797,2.974616343388524,4.482212334329464,18.859098700736787,1,0,1
17.07690877050809,0.22913385591767438,10.263676683997554,24.374997363757874,1,1,0
57.89461297669161,2.7893017347641265,6.417843925102499,22.1628831642564,1,1,1
85.0811305532813,0.6895191822034061,6.625556335013415,13.272716019536839,1,1,1
53.457304453822786,1.8077585150062168,5.631883720923459,17.873543945187482,1,1,0
65.37726844103304,1.8060359135221737,3.58533386225805,11.914522478593936,1,1,1
77.93390346920555,3.2399811651774133,10.124025424648007,10.121657606227494,1,1,1
68.62619223707924,1.2593105407838652,5.776302111656768,9.946110330295435,0,1,0
79.24184446135071,1.5638162009531185,5.886172176529879,26.003059037650505,1,1,0
25.14622214107774,1.4159619060469024,1.5970920026717152,21.7737495814303,1,1,0
86.9208641074367,2.3165994290159118,3.346000133986088,12.391970493248458,1,1,1
50.33813252871022,0.49561683194360634,3.587840740170249,25.920204494099842,1,1,0
87.39990953802932,2.788092366601209,1.8582380459632897,16.604492328181287,1,1,1
67.87884857826532,1.008644705499839,6.99765485785103,24.88016596822987,1,1,0
71.06715290579531,2.628535866601579,4.902107455349913,13.032240027646306,1,1,0
90.5878140539722,3.3794997386106966,3.045157923267804,20.008317446734956,1,1,1
14.51948565675826,3.5093259127865855,9.880083727286957,21.174756961768367,1,1,0
83.34099593724716,0.8239682062985325,5.233597153514321,25.366352256576395,1,1,1
31.312685414320445,3.0788259187194216,4.274232835896182,22.78418615691217,1,1,0
78.915163859214,2.3109502084133022,9.768503403358926,22.21066915176629,1,1,1
25.15486960062382,0.3483542556222526,7.023349614411841,9.170743760638913,1,1,1
47.17475596702812,0.7353912748719635,10.955011426439837,20.698718518450413,1,1,0
17.530231356215886,0.6573296046563673,11.124500548696956,10.162927222024429,1,1,1
77.48093567825106,1.2712911568755645,1.2914572627663428,13.955184426533055,1,1,1
31.335920731525604,1.4856720551611244,4.753807748952771,15.413548019642818,1,1,0
47.591965375311666,2.1349038848570565,7.106301328144597,14.188788144588633,1,1,1
76.5903408643882,2.367150792917862,1.9122299173273427,21.75228775955463,0,1,1
38.42237455495888,1.49225715561259,11.364342954907809,19.219158112669174,1,1,0
84.68553840001873,3.758552956231358,4.046122225962498,19.73293594357071,1,1,1
50.948490489441596,3.068469026378911,8.439679173817034,9.884637698629785,0,0,1
89.89596740536804,3.914346812895209,11.518101157726845,23.723950917752276,1,1,1
74.43123599461816,2.710850488845586,6.884478346130578,19.997051079814383,1,1,1
94.425467402939,2.157482663539559,8.960246150971724,18.257053594624693,1,1,1
69.13558052089076,2.442851459262986,7.184515398360897,10.770591910516062,1,1,1
33.1436230813687,0.4828497701340522,4.7288349344563185,19.496718010656828,1,1,0
52.71047650789495,2.1717499240531817,3.2912261113191152,14.155400045600466,1,1,1
89.6373720097384,0.9076865387802371,2.890785869010375,25.35864156216854,1,0,0
88.21004415653825,4.120942866452996,8.840133843465845,17.25860394645996,1,1,1
27.55491629050903,3.699293714038247,3.6008176290639167,12.614814989265293,1,1,0
28.03937127905631,1.211571708532145,11.264818861256016,22.109275392520992,1,1,0
27.740311302434183,2.5107014852080587,7.12534542860717,17.15205374019158,1,1,0
61.29484913524691,3.036433764921749,6.055240918499794,23.539705036659853,1,1,1
22.500815919308383,3.085282329890703,1.1847441827081222,8.42832455896329,1,0,1
68.47387377076629,2.5898858965500957,11.070981025475064,23.332289163074595,1,1,1
33.77620005635331,2.190412014108562,7.9181800745149875,16.202211364017224,0,1,0
80.4039494776504,3.8535028235615356,11.088381490047176,26.140313764855524,1,1,1
27.167851005423078,1.6671253094786278,6.665220833326893,18.08277815128099,1,1,0
88.3852756179836,0.27398269352851373,4.211058063272327,15.73203851440888,1,1,1
34.82615920211608,3.409788206800223,5.349098421884939,26.34304544002841,1,0,0
8.135736890303601,3.51029441676765,1.2095530764053826,27.77187373382751,1,1,0
19.566198615636466,0.3120915792820765,9.082321484315967,13.324173115206762,1,1,0
78.45386852058222,1.7443078918568606,11.173702754714954,8.45872289539709,1,1,1
20.326193843502566,2.563435481154554,10.526222470214686,19.66257678647072,1,1,0
27.568629394083636,1.063361311743663,4.563249013748713,18.911421928731436,1,1,0
94.58324141476642,3.478193431069646,2.6824853534662942,9.212891789856421,1,1,1
42.52502763579806,0.7854373730341255,8.76813195510064,21.26637475770886,1,0,0
62.84713210950296,2.408144546569873,11.442495446862806,17.169652652247628,1,1,0
54.02812750750001,3.764131579167816,9.748223968564949,27.593763011845414,1,1,0
47.18210961488069,3.5305119460239536,7.273727933287755,26.56289416613425,1,1,1
85.76625887357366,0.7042612212163226,11.425174436761194,16.530975328226408,1,1,1
8.283734032827915,1.2169361555074405,1.7347626096018152,24.123283023560493,1,1,0
39.282082579428064,0.4827088234864941,3.124419607470699,19.123087322585548,1,1,0
45.619513361928135,1.5933970160253297,10.66403818302915,10.77235582451,1,1,1
66.62814749108989,4.099801746397829,10.597890029432335,23.498919217144568,1,1,1
70.55843864237448,0.2911519834715553,4.557089716498352,22.12488502475076,1,1,1
5.293452794237505,1.563416589036965,8.170298299361496,26.688520295140467,1,1,0
13.808322897000977,1.783389174329568,6.023205668038301,17.72028106340005,1,1,0
26.48690527500355,2.043761175903613,6.315432020413884,8.634015993124953,1,1,1
35.059262588734896,1.3627088104394545,8.801266826167485,20.87095995864025,1,1,0
74.09579215338178,2.76459096555896,2.2382626768525657,25.972000621722323,1,1,1
71.81759054378345,0.7544866938266137,1.993566095643701,23.850913497676828,1,1,1
88.45894848555012,3.1245902717868437,8.788028689589185,16.325792633473686,1,1,1
41.158911199035614,2.040510761586481,7.253482801230942,24.87098326719346,1,1,0
42.729819408920825,2.8113603636444964,1.4870821863085648,27.46831069613467,1,1,0
17.74462459893231,3.099429684778365,11.529640654079193,16.468597756404463,1,1,0
85.54885709102415,1.6713226725544017,10.89279572999815,27.919353567867304,1,1,1
85.86085480218516,1.517466327047462,1.4532712338266027,21.950603839070943,1,1,1
91.0273969564076,3.3629970465819534,1.5631564522338641,22.906165488419035,1,1,1
71.0338424689498,1.8597785375597746,8.646912580895568,12.554346138559309,1,1,1
84.3881120187187,2.244067534860932,1.549155646389915,25.039752847102456,0,1,1
56.019810573407405,2.6498523781094327,4.900736436872145,20.003290260706326,1,0,1
80.54204673705858,1.0591246413840107,1.7546353477123309,10.427586806471226,1,1,1
34.35094081576922,3.5512336703253022,8.827503723168896,10.886725777044708,1,1,1
73.15224275649031,0.5249159241377248,6.307047717951308,19.061825785605752,1,1,0
73.28216974822472,4.009123852569031,4.7321411333320675,15.849344156185987,0,1,1
60.64100731981521,2.801404633123112,5.557976836233794,26.826832473236628,0,1,1
80.54245384176899,1.050531250312613,10.160241885760872,14.671164441401292,1,1,1
65.85621103801171,3.343706357846026,5.307843663826972,21.569759439968696,1,0,1
27.423736747720447,3.474254809446878,3.5358981564718657,22.28801977895164,1,1,0
9.641306301687822,1.985703294915797,10.176946851397474,17.674610075700834,1,0,0
34.32533456319827,2.784636472250363,2.625981126022202,26.025337295596383,1,1,0
22.577916337234463,0.36689330666015857,7.541963334688243,16.968248441080767,1,1,1
86.46375052788393,2.1226484225689264,10.249694328497766,20.83173454306029,1,1,0
52.98203221669612,4.07730828619938,5.850411182190225,18.930277379622915,1,1,1
70.67532670924889,0.2834024975365777,7.892412006439269,8.674073339873809,1,1,0
88.25759637852771,1.7615463877304032,4.100900481528425,14.979130500356316,1,1,1
76.15648580380544,3.2253791412785553,7.149609620249195,20.689496567720386,1,1,1
82.97060695948622,1.296583554283288,3.255343100856654,25.841320694675318,0,1,0
55.45842185420985,0.31241518444048905,6.950448049718538,19.456920297639478,1,1,0
73.30206649399875,1.8799935648764674,2.835058574177589,11.8634205413167,1,1,1
91.02942653158497,3.88784408801674,5.396698634908321,12.582603761078005,1,1,1
44.568455853623384,3.486877999557113,8.410774091414929,25.192294527571043,1,1,1
68.09285777699,4.0280791711340225,3.9546071746327334,8.569215965093354,0,0,1
90.76599493318939,0.45893812061037026,7.917324844254172,18.369264785585663,1,1,1
26.72377894479601,1.1377375459647714,8.737300278254036,26.017632667749464,1,1,0
11.48542048748452,3.9244240127180547,3.0519492811040747,20.675795958300057,1,1,0
48.26815090190864,4.038318361591688,6.592859892118107,20.548688973796555,1,1,1
85.13995894550585,2.0587672805327113,9.961804895105773,11.227557720812161,1,1,1
52.01472897511754,0.2282734980092796,7.213183249771596,10.664230402438282,1,1,0
23.56311896674939,2.4964226830872147,6.181625460449998,25.794858710211162,1,1,0
93.6512909790631,3.7341324506768943,1.1641933216625362,20.17276761235002,1,1,1
47.42122408417639,1.6730975752759127,4.331346531470668,9.199593276165693,0,1,1
44.35964821418846,3.8730431558381464,9.385112613124443,11.771112629991018,1,1,1
11.594610225612923,0.24420640818661515,11.503433878168797,23.873270544888086,1,0,0
43.73234976220546,3.251203375811904,2.1350715322617377,19.436144086546104,0,1,0
93.0971217379439,0.5116600951916215,2.8204563371248077,9.19566844879979,1,1,1
44.033718209294385,3.80446158402967,4.518590453080148,11.869996976890985,1,0,1
74.99006178217824,2.099023241314603,3.1755351742863285,8.178951892411758,0,1,1
88.54017663704751,3.1827126023555166,4.191660357050441,22.049945850722544,1,1,1
5.216082080951752,0.33856439602050187,2.197630659146139,9.20622664633963,1,1,0
67.29153344100791,2.9037309426409945,3.7924730355679657,22.931808225249874,1,1,1
17.83206119954926,0.6138072814833186,7.012312574318915,15.723065747017696,1,1,0
50.778821692373285,1.9869460797706842,5.5876442729362,27.897027294885483,1,1,0
81.8035489077214,2.2874666168451263,3.9524257526049245,26.365008250279452,0,0,0
37.22372216383969,3.3830089971828787,3.748267539343671,12.79196816586037,1,1,1
69.78061969600412,1.8605756652621788,8.109342715430163,13.884541157057594,0,1,0
30.73006669435016,0.6191801508266044,5.700747706629108,10.998875710536275,1,1,1
58.718966388120954,2.818990506199188,3.031899139301874,10.268510782483958,1,1,1
70.90227800976109,0.31439342771441253,8.769642965008954,10.515270182862988,1,1,1
53.62301580429225,0.6282449204767648,7.5812565079588445,14.965707101680431,1,1,0
34.19668798090138,2.210313844438742,6.695208640228461,14.940022842160566,1,1,1
71.57578831651259,2.1498820382176036,1.746052806891955,15.055427543441903,1,1,1
17.416267852661917,0.4875587479951376,11.960339545718975,9.400452386651438,0,1,0
34.701455826131664,0.5882458875169119,7.506789027075302,22.133497773627536,1,1,1
75.78399444873158,3.2855208708316406,4.237384626901206,8.182009973190425,1,1,1
50.09249807928029,2.829904666419434,10.54006490310522,14.091678060998493,1,1,0
13.45839516843241,1.6075122082766289,5.243065612586012,19.996150361031923,1,0,0
66.02758653231334,3.597339233206495,5.91940028242157,10.50300812772659,1,1,1
87.38367523010118,0.8768124926525427,7.869402465743841,21.63862405136547,1,1,1
20.444961405104856,3.375458761550088,10.614195391647115,19.437709932076622,1,1,0
87.67822324344202,0.6165202718105769,9.18547134215758,9.38283735337505,1,1,0
5.399726392025776,3.749991492659183,11.770695424591521,10.195422241272471,1,1,0
90.89483199208527,2.434893657336686,10.486358445699091,21.018632396121713,1,1,1
59.82985238136211,1.6456678116611012,6.445738212728248,23.921708632756964,1,1,0
28.22989751157741,1.0006116742099345,9.037567174511587,11.958074651283752,1,0,0
19.805033878236575,0.5902121807006926,11.537633963962767,26.229860142291184,1,1,0
44.336307409743895,1.6805947482087962,3.572103296484821,22.377628738078197,1,0,1
43.88469587677959,3.0813816998919785,7.3976490602439,26.81096138295699,1,1,0
50.564161629570044,2.714661146103888,5.656697924511905,27.023048471214956,1,1,1
51.54829018615821,2.072032714980473,6.919290101812269,15.685084775195035,1,1,1
12.810013314376548,1.0218155686463948,11.206390175801957,22.432844120741496,1,1,0
27.351818727796793,3.794075788084665,7.369553451586049,17.490742718531564,1,1,0
18.058369253841676,1.1848360163245328,6.255083826325262,8.378510325489538,1,1,1
78.78502353563346,1.2089734497350968,1.8554435923775894,10.483114022378455,0,1,1
18.580832588892257,3.069505482180322,3.2008557257289407,13.595433748028567,1,1,0
64.99893018461128,2.5150445262153163,7.812179546655317,24.391945373572185,1,1,1
12.955124032131241,1.677745344773464,4.905697875117506,12.022429350043787,1,1,0
63.776909095299644,1.4351327901366993,10.759190741416026,16.985364190441018,1,1,0
44.12830206532497,3.966599294648108,6.534157978746733,13.715664775839963,1,1,1
50.26358387836026,2.154218200963422,10.93738772860593,27.64249914320647,1,1,1
72.3361536374975,0.5495569455992582,7.5745439997817465,23.840326450848984,1,1,0
32.905787919821435,1.432904373547814,3.565410471444895,11.688697132903709,0,1,1
67.61645917899278,4.023848286244808,5.57839594668977,8.252405033120695,1,0,1
87.25410604523248,0.6029848212351825,4.147179147590162,23.52030734603909,1,0,1
71.2933173250413,2.4518729169722158,3.31084708195421,27.42038006705133,1,1,1
58.94698562782657,0.22970774298157287,5.865924862289569,14.246571464090083,1,1,1
67.12031685524695,3.328923365405988,9.052818451205802,17.822367702416418,1,1,1
85.32364789416727,1.7333629655301876,3.013875496396902,18.192196611715897,0,1,0
7.262420769987383,3.229109639180146,1.7717388148349236,13.115809395934278,1,1,1
94.49918346892983,3.570410549365187,11.897009649062063,20.581940706051515,1,1,1
47.067252730476866,2.607361746777198,11.449979291713563,17.558246732628575,1,1,1
85.46312315503363,0.4410901602175448,8.28110302911711,8.914176026842807,1,1,1
10.203880824216327,1.3288313440854596,3.5952295214611234,24.352142816267733,1,1,1
30.528700436461936,1.8757660222231738,6.809631473830015,26.87274529055263,1,1,0
55.202152422955514,3.2710170579339923,1.3833150630166307,9.68781431357242,1,1,1
56.19837409593794,1.2437103334634136,6.552135628185096,9.580368451600476,1,1,0
89.58102287910944,0.9073285250108187,4.740222612682304,16.369879747423767,1,1,1
33.416973823674894,0.9940958838742586,8.970099093077405,26.508355650414213,1,1,0
26.460035523271497,2.1843185438549173,6.897446468001963,23.365747958769653,1,1,0
62.09322720557263,3.2331047380829894,6.8936452974060565,11.461817640711335,1,1,0
19.64429471807052,4.0012103530101815,1.0408096944752825,12.272553055972184,1,1,1
87.1479152299182,2.4703305543004292,1.859936911675209,15.187041834717922,1,1,1
25.950834290564032,3.510945618654484,4.178286863662977,14.432060592054437,1,1,1
5.310855147990672,3.9500620387925363,9.41627520874554,26.770359829138823,1,1,0
61.386295661549354,2.5967544450869164,8.73262917412065,13.705220739248452,0,1,0
25.42500109176986,3.9159705107908644,2.1656121312419283,8.21254145681124,1,1,1
87.30384458122455,2.2290498517619475,4.428236263362164,26.476620559548802,1,1,1
14.434595777139746,2.284571958568248,6.16812433409547,13.547832439169223,1,1,0
50.10501644140289,2.2830348159501535,2.898584026883685,9.131764242913917,1,1,1
59.022274319441955,0.8307247622738723,8.917364857238898,23.689435463047058,1,1,0
49.72754133370703,0.5391705631299202,3.4564628958325976,17.435728193652846,1,1,0
10.441801698384053,3.055914353541753,3.93520532138466,17.98986393247267,1,1,0
51.73989532902322,0.3281481198386758,5.380640004803665,14.821327710576044,1,1,0
16.69224838909627,2.240286836923708,9.481130124746871,16.675873558591412,1,0,0
8.95528158558379,4.1512140213888395,7.282476978935669,20.718228872120257,1,1,1
86.5918971988774,1.7188418223923534,5.442436466622212,18.609312005010842,1,1,1
28.430871714035632,3.0485827825649054,8.601107310098378,15.583098603150537,1,1,0
11.35794289240767,1.752723166304636,3.246183062838567,19.49720626455569,1,0,1
6.116848464709368,1.5612234299117957,11.136447888050858,26.435053557192465,1,1,0
82.77763859019166,2.9103292384387762,5.702234165330933,23.512580250621898,1,1,1
82.13436259855591,3.4045951040240636,5.104676750057061,26.870329511132248,1,1,1
71.99636843239581,1.0151807634227572,11.794363556155023,14.418586585403084,1,1,1
76.2935498280159,2.9245703023049923,3.7641814900796753,14.960565691302536,1,1,1
30.033945009836202,1.4418022676521376,7.2636974270969095,25.735533033814338,1,1,0
57.45529686681507,0.28108779562912894,2.4862031225660104,12.826855453390596,1,1,0
71.23171882718331,1.9712044768357846,1.787447998396751,8.740677103729343,0,1,1
27.465891686376935,2.9553383949949334,4.9011193788103995,15.96163602456935,1,1,0
70.81316629043737,1.9260966197454092,1.204198450921877,8.62151054072155,1,1,1
76.75874142858419,2.8577567324625495,6.878403551819327,10.325445573140266,1,1,1
51.94936952119413,2.9734218953736273,8.152191036242082,24.345387089861063,0,1,0
62.93977172416746,2.0149636974256073,2.2690186448182175,10.791793242243033,1,1,1
7.307653973587099,2.783258297243244,5.862884672026095,16.382041644961177,1,1,0
38.90837958182057,1.669787823075387,4.313327925963803,15.163068949682025,1,0,0
33.97874540973519,4.101951660863527,6.712488212539304,13.561055179504384,1,1,0
37.33442558430505,3.0964061527691307,2.9891206412723896,23.95678002307192,1,1,1
88.24361653632636,0.24858261740047444,3.41206876286034,8.15592501463651,1,1,1
89.72890909594092,3.68670460919233,9.800751529510253,11.826585348053776,1,1,1
10.34638075978948,3.5590995225546935,11.78137913018244,21.97071281279139,1,0,1
57.58422535495698,3.681927826698964,11.784793032788864,11.002082544537625,1,1,1
22.827737677609168,2.095632081432815,11.728126257726679,12.598680021256449,1,1,0
63.68442429134124,0.4909164875700401,11.446920698219266,19.586581012173742,1,1,1
92.66536730921334,3.100615575605368,11.211737175861165,26.15363805756099,1,1,1
17.903562138093022,1.8287631304209817,7.297080270186461,18.270099623380915,1,1,0
39.753030948654605,1.912170880562768,10.039621058961416,21.701423909577635,1,1,0
35.73867321746343,0.937973544142283,2.027427718262414,9.953956955356539,1,1,1
68.86712239254527,4.179190361806121,1.730779744757788,21.584513718200625,1,1,1
78.2510677186447,2.0420344379670765,2.4384595320013727,12.85064645961695,1,1,1
9.075090763040102,0.9878811367762699,6.126788891706827,22.748906011071156,1,1,0
23.646023537569146,2.253875725124626,9.57342205674291,24.746667900380928,1,1,0
38.48913162514074,3.670994357916246,10.64511527581013,19.070857973212746,1,1,0
91.45920285328715,2.9191027747977247,1.8060563064320727,16.796904083288908,1,1,1
73.58147321408791,3.7012840983696442,6.075856907167676,15.295321419868184,1,1,1
61.432325064822464,3.8292473383244863,4.6420252511666025,8.913604284271909,1,0,1
91.98478292063633,3.8654577961000713,1.6730767255903838,21.44375355502737,1,1,1
40.606862160656156,3.6004467639877396,2.6501932891891684,23.76852158748091,1,1,0
77.12028935913315,3.314015706501182,11.755308205240688,21.885687961297613,1,1,0
27.43370277224543,2.4801449782838967,9.001743306926077,17.139065516539354,1,1,0
28.45714901444122,2.76289659611951,2.0952694380633177,16.28055472341548,1,1,1
87.43897507419713,2.3270103021947426,1.8888363306534497,26.2465738194893,1,1,1
78.66814729731036,1.624102650828598,6.701684810134468,22.97842391530473,1,1,1
61.20082175508233,3.3514560898190737,10.187888278725582,17.93951346719426,1,1,1
19.354547851920593,0.5220827688299872,9.686204114173613,26.67877482375481,1,1,0
33.28766745467028,3.733232798526255,10.041262902726979,18.824867384017594,1,1,0
88.27552487399844,0.3753001017166698,9.32628727936881,11.974936873944298,1,1,0
45.95375936657184,1.8372718351365445,1.7832921122499839,8.056459326357848,1,1,1
8.934399440194424,2.0566618125340304,2.8469864134848297,23.18738682848408,1,1,1
26.000835237470763,3.2756019171222217,6.608395460006811,24.03214584349974,1,1,0
58.067580164011815,2.8531302638732132,2.9446567339610703,21.810436610617458,1,1,0
82.51490705321358,1.330048435328975,10.654776522141558,25.495519727094802,1,0,1
46.01547611904557,3.756798839581108,6.606930103892019,25.46617847287917,1,1,0
27.291596273398287,3.826296060107643,11.292703377946157,19.431590128398277,0,1,0
76.50256515140705,2.035485939629076,1.4067873473418206,14.729383877891228,1,1,1
32.95227693395949,2.716679592429434,8.278376416785576,25.869998133624016,0,1,0
29.105767174441386,3.9955469675020585,10.628716567004389,11.636684947037722,0,1,0
57.02955342893013,2.4946534441665653,1.2779297078733702,22.725370599103396,1,1,1
51.47210206124053,3.663597242231343,1.2652688432114316,10.003590576316704,1,1,1
82.68567319426533,0.3392037212874784,6.488996789939083,17.884580103875578,1,1,1
45.76400961580842,0.6355328998312071,8.474740703359853,12.144440506787356,1,1,0
63.11465714324878,3.777388624319002,7.549667576581703,24.973213126985215,0,1,0
46.19962196641194,1.9374540858053424,8.102887217132027,11.444253167436564,1,1,0
65.83075663615998,2.1664197845360698,2.919988439992795,26.461496733697867,1,1,1
86.08819241665954,1.9623631007221933,8.683334964984379,12.375659975319046,0,1,0
13.702203742846718,1.3718114948797882,1.2585769992388984,23.42353249652551,1,1,0
85.4643326991537,2.0729229195705536,10.28115595657299,20.615729506044104,1,1,1
86.20046000018613,4.075922655298969,9.624295803909765,24.655175601897568,1,1,1
37.506545704782646,4.149138517199306,7.409178225250215,15.555845586141718,1,1,0
5.30406115992225,0.7076526170894779,3.1237593200504565,9.54545395701954,0,0,0
46.31272468179907,2.3757258572014353,7.227784485967876,15.492574418526432,1,0,1
65.78606001872879,2.238413264270501,2.547245921966778,26.861864042581637,1,1,1
23.00606086478532,0.7729506145578966,5.247746417128617,9.374810155555842,1,1,0
21.449567460400985,1.2197996456601843,11.286832647099622,11.724312268413266,1,1,0
37.728148577770455,1.3561621268018411,7.921674957854207,8.337850079154121,1,1,1
85.8573726478026,0.8729304444221644,4.978910756947789,26.358229192009293,1,1,1
58.958975357805215,3.354017945915753,3.4870535153169864,24.426124557863954,1,1,0
67.85913410110982,3.670615750480497,5.8191675485021825,22.26640903103875,1,1,0
57.89336073034782,2.7565572856902536,1.4562598619686935,9.388486364922993,1,1,0
65.7812358790975,4.1361462553629655,1.6401227464656079,24.4815947923069,1,1,0
44.28209027415801,4.103851447575206,4.122603598537904,22.79681779534581,1,1,0
49.83399937984837,1.1120762061469855,6.442256200433469,23.406225830493227,1,0,0
14.631565029188343,2.694907985941831,6.377811023707851,16.94347732350866,1,1,0
94.68162161936239,1.254993011480736,2.450753113686468,15.234363637587771,1,1,1
20.1925550402952,2.4462161091377927,1.017562050478587,11.491441752326637,1,0,1
78.57479401928003,2.080907812143199,2.67963761891395,21.152494174886975,1,1,1
62.105639141499154,2.467668172313903,11.256658463344301,14.904688398098086,1,1,0
72.66105320375758,4.032687191011388,1.3430968651374282,23.28837502587172,1,1,1
52.67905455602643,3.5939612196310122,7.69821871947654,23.244118518508607,1,1,1
54.59385537570615,1.481848844232785,5.3798432900859305,26.35016815388273,1,1,1
35.852000403157604,0.3649853198919593,6.441333037985167,13.50271628490274,1,1,1
12.025279707450949,2.840347651582541,5.982163519134692,21.380002687669034,1,1,0
61.60980490329488,1.781647589053332,6.351389009193726,25.53404787182117,1,1,0
60.32130247966025,2.7100609645772944,3.6927851052348117,14.167830608454887,1,1,1
34.770581822769415,1.8730245253135729,11.498473680019753,19.93481770393188,1,0,0
87.78205522213224,0.7850634094221369,11.095461509881977,14.529207881241996,1,1,0
88.47878963418556,0.9091601720556863,5.003650868336044,13.904430819304093,1,1,1
37.98850369772601,1.3625051761587448,9.167933514139518,10.383416930650721,1,1,1
46.60384269189664,3.3403962265391907,5.428813062428581,16.825510168594676,1,1,1
24.328366336229255,1.4893201841530475,8.424458799086597,8.153706408309928,1,1,1
69.87954271113584,4.170357251604616,11.262672591775477,8.515764614513422,0,1,1
22.472305857342626,3.3348084753813945,10.162046445107471,9.337023687074893,1,1,0
33.55541763192756,3.819011857665455,5.6501404541856886,17.18151911773233,1,1,1
91.14025011907603,2.0837171529516483,6.254515283282068,11.059778024864526,1,1,1
18.817692810876636,2.086698376486042,6.01123134343663,16.97176575163871,1,1,0
85.55054085495189,0.34633698274179486,8.15034455467508,14.713913797665274,1,1,0
55.386042764834386,2.6713519416409364,10.62108922023614,11.646852902494214,1,0,1
22.847347017226227,3.759230727394257,1.6903879753251383,10.102704483524944,1,1,1
77.89379602577247,0.5724307237278763,1.4761552252941894,18.914264696425416,1,1,1
57.57478660485945,2.254971819036551,8.538337272617813,16.11902710109341,1,1,0
74.99129856336337,3.52919283255149,1.6194753536825721,10.570946221143,1,1,1
38.9394644250018,3.455081262061132,11.590845473719005,9.504082042794375,1,1,1
33.093398865804765,3.020992652693189,9.25896038758223,23.905905410105323,1,1,1
14.902719525187493,1.7753961297327787,5.046362362231133,25.535635418649058,1,1,0
16.50510717997168,1.2269961078333738,4.919761795998534,13.221210557846991,1,1,0
51.53170726839427,1.232128848781304,4.250274496293413,18.835058668809832,1,1,0
40.66008779228624,0.6364772535951075,7.739732457091068,13.59586803987443,0,1,1
10.289385208598226,2.8972981875667316,10.704296472920175,16.830235162149528,0,1,0
22.010769664100657,1.7317514802565708,8.937302935993166,27.35927647897936,1,1,0
48.764938016471405,3.1845306858452673,10.496037083441468,20.034474693321705,1,1,0
9.360654981512884,3.7630274768634266,4.122381357615151,27.14271539975467,1,1,0
5.8437256941504785,0.2500406650296137,6.811467659846004,17.369571123787612,1,1,0
64.86257842401588,1.3836049030778115,11.693435345986964,27.26665266777049,1,0,1
13.161780235026574,2.5792724467706405,9.129453993102667,10.493319557307158,1,0,1
42.37992156172403,2.258639370457355,7.709564969419998,24.751728808011375,1,0,1
89.1150947405713,2.7904584770593304,8.91820647601409,27.1276466187641,1,1,1
13.132686606442368,3.88601593360527,11.521445871732542,12.86665351185712,1,1,1
40.29923832602709,1.0331501579674935,2.6821262704920303,9.18772266471179,1,1,0
22.69119446336477,2.2330928817942697,9.1746861816753,16.438984528037324,0,1,0
76.21862051139509,0.5457765967953938,2.54771868101326,22.424808410036647,0,1,1
51.489865563004976,2.0605973194875253,4.5151261679660655,21.24941995935025,1,1,0
12.582810154629813,1.9640062646150562,10.61369501607488,14.126822137152065,1,1,0
73.28118028372505,0.25915288663181074,6.858628103218702,14.411585798273586,1,1,1
87.97096819517917,1.3845870021862579,3.024816567154099,25.921994236598373,1,1,1
75.99850002448106,3.5040767166155296,2.394408175601288,9.510584335040942,1,1,1
24.91220431142236,2.2765494700591473,6.30729879970235,25.191643519836784,1,1,0
93.99404351734727,1.9929731136060391,5.169373833712496,15.814548910771105,1,1,1
65.90990251922611,2.0529672077096044,5.1892253347361,27.9801063379699,1,1,1
39.01681312337288,3.28707660875775,10.752046840852206,10.217388651834929,1,1,1
13.020090208893018,0.5762952967237285,4.086755985755662,27.703822158400985,1,1,1
52.64293030852882,2.3594292355233386,4.790980896787566,12.550462741065749,1,1,1
12.135285064955742,0.4799472258261133,2.8483826185820043,11.607649393526913,1,1,0
16.74413216099287,3.3713537767720045,4.961074374691187,19.929480065951754,0,1,0
63.72836208609983,1.7825198224890364,2.6662392660556535,20.999334754265387,1,1,1
72.48511132845562,1.2258398393178218,6.6859290357746435,22.799704029361536,1,1,1
60.52586040951103,1.6828198507173482,8.612131571015382,21.606182092074654,1,1,0
45.48152855187435,2.848274847972384,2.889190903116835,8.232010874178442,0,1,0
80.32351521592712,3.683701708684474,3.048091787940036,16.84172716783921,1,1,1
82.18850603558612,3.295362287313733,3.1894478430312803,10.246983478461615,1,1,1
8.306921322512189,4.137736659666656,1.8171562366664091,18.828272431130017,1,0,1
71.35822581466527,1.3211431565432885,6.767115597449744,24.405585048594357,1,1,0
77.72608651801788,0.9611632611316641,2.360662485890629,11.30675520440587,1,1,1
59.52011505777745,2.4614837754050267,1.5255676998962477,25.004256768900795,1,1,1
43.55226481148399,0.6492513912900761,5.109819106490616,9.281748074967437,0,1,0
74.68749259655819,0.9242815460026514,9.54121202581173,22.094962715340785,0,1,0
7.511712113405647,2.773715769927828,3.564608880209944,13.978402417351695,0,1,0
86.18932114996726,3.6876968710976024,2.02326103410521,22.76573069622463,1,0,1
53.29408313129758,3.1108919398534023,1.210908832873595,25.71775892439259,1,1,1
57.685213612451,0.37184068846016577,8.4548833910701,18.191665241071817,1,1,0
64.82034392333034,4.045406380530674,11.243777968195172,8.750758766306067,1,1,1
47.1552454549604,3.3930766631932396,4.0181835160659265,11.565928475070407,1,1,1
31.748678321555886,2.6397300340175875,8.188733350233003,24.212622951584883,1,0,0
27.320453984201023,2.6999206847514725,1.8389481908871894,11.709289064494678,1,1,1
19.879136950934747,1.6332481087116413,5.3359408999162214,16.985494984470712,1,1,0
6.314220249881078,1.3758978503153785,9.245199337965893,21.527767970624083,0,1,0
81.9761617931858,3.07833089891832,3.742324579448748,10.201173448720045,1,1,1
92.53324465233759,0.7674385322359611,5.7525102289746375,13.831235935712272,1,1,1
66.99634058945634,3.56739845793195,11.410331073050704,15.310119513868996,1,1,1
32.454186242725186,2.3430526955156687,7.951482200138448,16.570141302297998,1,1,1
41.08301527998858,2.707147761536857,6.729611904355457,18.75089437572118,1,1,0
78.0404579593414,2.851926432971322,1.1944888509793503,19.70366984541424,1,1,1
47.96025610949954,3.8186269300943647,2.2605494201398475,13.062358065590928,1,1,1
40.23799731513375,0.25112376511854856,3.931029968981254,11.041322114693637,1,0,0
75.15770865942768,2.2948130554428166,6.614559409802882,10.601121322713553,1,1,0
29.578316879020967,0.5690266711354164,4.98954064557473,19.635287853595603,1,1,0
14.73266173270203,0.6696030778487467,7.536466954142967,16.188464335983987,1,1,0
40.65051784234951,4.076128856780271,11.773435330072331,23.063342998450207,1,1,0
84.47063675810243,0.28553698884089035,4.7661972963524555,14.451229753976438,0,1,0
94.59023650615512,0.5594786880937834,5.502072156350595,12.594844298023608,1,1,1
24.87791623811724,3.6151495397775224,6.902984178927957,25.26294719436037,1,1,1
75.24157635742206,2.6693800875015326,3.948028647365002,12.355635755949347,1,1,1
14.422924082272706,0.5581350592040739,6.4018478764826945,13.104432188014785,1,1,0
64.36151352650853,3.979641498172203,3.6961793616514207,26.421997498504265,1,1,1
15.947825951592304,2.3126610360102893,1.4717442867144284,17.782265323146817,1,1,1
24.53156459222881,4.087563532509886,4.695405511410111,19.960834931210925,1,1,0
75.33165504956165,0.5230595722589835,8.465459231263985,19.068892466334106,1,1,1
15.064721405583754,2.8711165141389983,2.665948237699454,23.51992434998848,1,1,0
51.47323968687572,0.6407231055954907,10.495944055494252,18.43171628774177,0,1,0
35.77157738710457,0.7794797570207106,8.967329734338355,19.571821479699572,1,1,0
94.16535719230384,1.1897061173040282,2.208153056985363,20.25366325143466,1,1,1
73.83956746220841,1.5512800280323746,5.534562486408313,18.796214916478807,1,1,1
30.587592382772765,1.530226800118213,8.192755643531527,15.662107353498229,0,1,0
93.42906995212881,1.277122571793959,5.931512500952974,19.94487840318434,0,0,1
62.22100396093985,0.9940561146955889,9.476020255782778,19.24650055847365,1,1,1
19.093821215073742,0.8377615367429543,11.614775818606061,18.278027705533297,1,1,0
30.657716731355254,1.8208707370130284,6.696340927616836,13.966758161381057,1,1,0
77.98000336339365,1.4068895851616097,7.14881755425161,9.285698242474936,1,0,1
91.26612778409854,0.4690498553217844,2.323736511300396,21.87025944182244,0,1,1
8.286462453944713,0.6105584302253908,8.537959401999284,9.428711387484745,1,0,0
56.48919889186545,2.131990352465921,7.960269461364502,20.79319452616367,1,1,0
22.83403673510156,1.1842019721505144,1.9429538300269473,20.777210516581945,1,1,0
68.65184169671403,0.6885235143012884,7.328480603443598,11.359092357130926,1,1,1
5.393048711041278,3.4870862642182194,2.858044825721746,12.756277787260139,1,1,0
71.66129126893416,1.0896985679774016,8.650576544085624,11.202843095279635,1,1,1
53.36395926386451,3.4360105353328043,4.307372728959605,24.775656659636887,1,1,1
62.26806182902334,1.4154337394686654,1.4644068478712426,9.349413009238758,1,1,1
48.404584900207354,0.4010125576818518,9.174421390875546,23.015325487043764,1,1,0
65.70256942349387,1.9452576874677667,6.568578421001626,21.343021469992514,1,1,1
80.04249641656516,1.269665694397318,2.3292339149116232,8.26409273069987,1,1,1
11.66486231270996,0.3320262819225291,11.930211307985402,18.141761270538165,1,1,0
35.64021616591751,0.37460926014427126,10.647936109832278,14.368725603206883,1,1,0
22.898388758752066,1.0455195891590174,6.279863614393258,24.594729245368327,0,1,0
46.25624652406491,3.3395715542379434,8.793381987911506,24.88638044308336,1,1,0
59.40574623521923,1.5573994297613847,10.118925842087382,11.103308621014595,1,1,1
41.52160060995102,2.8581051038137315,7.66212593172918,21.251285894551557,1,1,1
75.7375694230212,1.4413508824300874,10.127067316495896,18.520939014465313,1,1,0
6.029271880590727,1.1760043190231293,2.4149072070533837,9.724512900967207,1,1,0
19.608630089723405,3.7566098703045805,11.612742592918645,11.691541934518119,1,1,1
17.318276123278743,4.0355262588117915,9.232555652917178,9.392703284067718,1,1,0
13.15287894497546,1.2501783965528876,7.2845814193658525,21.97529275231568,1,1,1
59.34425029506207,3.3541303353566305,10.630142035063685,21.5657515995423,1,1,0
66.69508753536817,1.4605834522540675,6.187609117291463,27.231667249539996,1,1,1
37.410304249857454,1.4033769231304498,7.278054953317167,8.131860670852639,1,1,0
68.49935414086755,2.9949445451455965,7.193335859390412,9.94928834703012,1,1,1
37.494975102759796,2.666003472014121,8.65430123784544,9.306103707667749,1,0,1
57.83980250243264,2.5869477598578228,2.390703313927432,26.644162016612245,1,1,0
8.616663060224495,3.417719669168257,9.509493666797988,11.556373656536971,1,1,0
35.98072801961402,0.2170378439821648,10.262625517003764,21.656351147910897,1,1,0
10.18835708377826,3.8234019436240305,1.4491379680263017,15.580744865739362,1,1,0
72.88598583278079,2.189467060775922,5.1470464411261725,12.378704828917133,1,1,0
64.73000026073763,3.8713205075995285,8.332033378111998,25.489084156186774,1,1,0
82.05861751968851,3.5296764364038116,1.5075473267392296,23.709793695370163,0,0,1
84.1199039650854,2.1843615021158596,7.505289491047448,15.40335222734046,1,1,1
54.33851477663474,1.9196420255906335,10.444592886862972,14.308587788133032,0,1,0
17.901341195327806,3.484421079446883,9.951617641928628,19.723948428009894,1,1,0
32.159932265530486,3.375843663856373,4.494129779075418,8.175134589230348,0,1,0
62.45906986979384,0.7364096164822966,2.53702013052806,11.74558219996079,1,1,0
66.78856126781162,0.24204910039399136,1.6636967344434834,10.788328660434905,1,1,1
68.37833085837997,1.560755985996629,3.5849476971204837,9.55872819311141,1,1,1
14.0644882836258,1.6882606724969242,5.5318885391766,13.208549425005419,1,1,0
16.2266364559583,0.37416188194198147,2.7132038243218695,26.289903161358186,1,1,0
70.19752386429273,3.369029578460793,4.521149661017239,24.36509633293824,1,1,1
12.438196908429749,3.90932248969726,6.390301274992665,18.95431429351246,1,1,0
50.90099749231249,2.3800522484070394,7.358827027409281,18.08986407052247,1,1,1
44.42007655523141,1.5981640659243495,3.887658898637085,25.35994614558649,0,1,0
78.79904058251549,0.7893153270005737,4.247742405704089,9.761410075250101,1,1,1
12.977903840348215,0.47117653676336585,11.380120168997202,24.07968925112625,0,1,0
71.66096302758393,2.134063081572946,7.988159698605491,13.364809949544597,1,1,1
35.116892784223836,0.26191190646370927,3.8084445575973374,18.966357009545966,1,1,0
66.25340640553156,2.510528354175387,9.948006503316925,20.777373542607144,0,1,0
19.657231376051445,0.25743469659611923,10.967815885883784,8.448529735349808,1,1,0
60.76626631917533,3.512390107399852,6.954594108023938,25.6221011310548,0,0,1
72.57409061451162,1.4120186011410774,7.703912989135231,24.169423866868012,1,1,0
67.28137858971657,2.1881330690405396,11.225572592458944,13.990362512412482,1,1,1
74.14832451663135,3.216431584052723,11.506947579059192,18.26862979105392,1,1,1
60.176000159357386,3.7019075135275243,4.526262129649318,12.47187948016444,1,1,1
51.524821844912964,0.43822771372202657,3.0239599690451446,18.824757393934615,1,1,0
65.3321303884226,0.774269105681191,3.2335611920717886,15.369644887610672,0,1,0
15.826281185333418,3.392828992364752,6.070957162218772,27.483283064151202,0,1,0
65.0529281883723,0.7461183937518248,1.2900007288645043,20.283724360229904,1,1,0
18.342130870352612,1.2995694111310876,9.09323485828628,10.125861913781769,1,1,1
47.190102502048084,1.8553635224180527,8.28044880108796,22.173157478512657,1,1,0
46.73923281734582,2.842029973994137,8.6148352274539,19.825777322082235,1,0,0
15.358402556263744,2.1625493276743577,9.63456727607258,10.03889781539627,1,1,1
24.54664724939593,2.202251241802561,10.639807863318008,8.09570354924488,1,1,0
70.18210506784689,0.7558882413564889,10.239533326791834,10.346977996469768,1,1,0
62.45543847311678,3.3634808904257563,10.913457326264806,14.859279005200543,1,1,1
48.51965154278797,2.556747927235785,5.721961779320319,23.91684056488004,1,0,1
66.46683000019405,4.006408131115356,7.957107650743865,12.549918421343751,1,1,1
40.078506898269936,2.397576490307082,3.2955272745959485,24.353778203593397,0,1,0
47.857617297066135,3.161590513746851,3.5045045893632683,10.98051525488535,1,1,1
42.93139159988806,1.044303951905343,6.803599330568874,18.370167608860875,1,1,1
73.0405434617175,2.4437290686554918,6.481411750218802,12.514641999811298,1,1,1
10.883281624723953,1.4215130911074028,1.8620131384488872,23.24335358617679,1,1,0
78.21409228229498,0.6470590460537149,11.924237950085343,14.981282624043622,1,1,0
5.956385506124461,4.153466554378674,10.615378098159464,16.35179141132153,0,1,0
34.21492067254532,4.007859640680944,10.941174138387368,20.421199632538848,1,1,0
92.53575147902934,1.2822273844716794,11.330216989478844,12.95564075154629,1,0,1
25.31960708385167,2.777891584347591,5.664013521085955,26.394914515885265,0,1,0
37.441434346788235,3.3845375636977866,5.168877724197542,9.471827886484604,1,1,1
20.04219248079017,1.0227345932999146,1.45334289666304,16.377548882312162,1,1,0
80.72871935367955,1.2891772534950852,7.473392492703688,16.885959922903815,0,1,0
20.95355222654015,3.715410078784273,9.643944368357975,27.53565743601772,1,1,0
40.299255946843964,1.9491595767171133,7.39778891270847,23.64200549373478,1,1,0
35.997790276683325,2.3364779394734505,1.1427472476564207,24.633333234894806,0,1,0
24.119287776559865,3.288932142810157,5.4826542347198535,11.24622113657039,1,1,0
54.93344584183638,2.26351877129191,3.80232679605895,13.980844264988754,1,1,1
37.43398083960064,2.6253350426442337,4.436521160828461,12.603163060093822,1,1,1
89.76094996191199,1.628516932209737,8.267617873577024,8.338259384030223,1,0,1
46.23185011163208,3.8829457609024685,5.615350062342221,19.485706092257484,1,1,0
69.54734723138024,3.6562309218418236,8.131761563508121,13.124463357010399,0,1,1
7.469594844377443,2.0788357609188193,1.7300770329948139,14.683263352783177,1,0,0
80.42744354934182,3.415432493062292,1.5541043765375884,24.96778101504905,0,1,1
58.33747251117522,3.9278427983229,8.888573421089331,11.2967585044085,1,1,1
31.9679897976248,3.928255479109676,11.051052162701783,22.28829217095435,1,1,0
54.69317664142771,0.5572103608431769,10.199971566081752,17.737930981714477,1,1,1
6.082243782559873,2.429526015873172,2.1879300004486204,25.576642788636857,1,0,1
18.892255891957536,2.7420848748842905,6.225620497740295,17.386513397246517,1,1,1
68.84456507515802,1.5888301769468598,4.663607922571233,13.896053317311472,1,1,1
47.02239832756205,1.9020676410898683,5.92066009061543,13.158536108382258,1,1,0
85.7726357405347,2.0891829959792405,10.930461470883792,10.555952504838647,1,1,1
68.94380902435104,2.451564475381096,3.874697805039549,26.663096243450692,1,0,1
89.50042695646741,3.0194289068133764,10.914063035909825,23.050161337037988,1,1,1
81.6790065873282,3.63584960344345,10.22717133505393,18.422760707438872,1,1,0
15.820677799173518,3.706777103738107,3.331356418734765,27.345777659479133,1,1,0
81.14855081409374,3.4453279084710915,9.909911885706752,13.321017284505121,1,1,1
67.56907088848126,3.019427146991691,11.856647512283098,13.262230788044269,1,1,1
21.543861152681448,1.1567559941865662,10.269589084629121,13.38360279728723,0,1,0
17.826643089398985,2.288110895895299,1.9530685304319995,23.65923926596182,1,1,0
32.508171949351066,0.3212815612417102,2.822620712022605,24.644444993204317,1,0,1
77.77050538810359,0.2295254233601603,5.930751533031771,8.948374049709418,1,1,0
39.94194716380162,1.2446880626971806,4.155725319202643,11.460580837807036,1,0,1
53.6694402250448,2.3600207186439173,11.192839947632113,13.065509379321039,0,1,0
50.112471253387184,2.3229637764960214,1.554981876445955,12.730566991330605,1,1,1
61.79790118708503,2.5176156855560943,9.66641124231525,22.03644192070003,0,1,0
44.12049322335476,4.116312212724893,10.675548079770152,8.000888062204027,0,1,1
11.143328628371451,3.395069025421647,8.587756034373932,9.93976499604993,1,1,0
91.4615179966932,1.8000089617667883,1.8869114747119546,12.643959182074681,0,1,0
56.507277828650345,1.5740356250895033,11.741084204944817,9.948882928220625,1,1,1
8.28690482421228,2.349547840237927,3.0399323503234914,26.507777182694674,1,1,0
22.672838914688963,2.124590609564683,2.861279919718897,9.94906384741186,1,1,1
89.7664214410367,1.8459283722935071,2.570125854125432,12.035663693077957,1,1,1
91.28375430821686,3.4005219993660103,10.949966693232035,11.059015100926906,1,1,1
51.063317093442265,3.111975763941082,4.049715259743502,11.088336476901416,1,1,1
37.61533276064706,1.4833311003692724,7.928572810694703,21.109258495252327,1,1,0
44.43865154482661,0.9646970397377956,2.147205890608978,14.85390354160516,1,1,0
35.15562836192968,2.9417410145242773,8.2306367259765,25.221122403064847,1,0,1
49.97297012428588,3.292402486391244,3.0708959064418866,21.331119290104805,1,1,1
60.96875731827078,2.405436400258117,2.599003675649419,27.339231949213282,1,1,0
17.717974669956142,3.4636952932588927,5.86157997048188,25.828122696453025,1,1,0
92.28632805239572,2.822395729736119,5.557703915355591,12.462171610658949,1,1,1
24.27973408248548,2.467802398901703,9.615569996532175,19.29857988718052,1,1,1
12.96651032749767,1.4608840167576098,5.86218441884758,23.72716608951751,1,1,0
61.12831913184497,2.0700955833277663,2.1624665028395804,11.688914435910153,1,1,1
37.337579960831256,2.8096377844590577,8.903740088599772,26.03001058997522,1,1,1
72.83588475931504,3.8235032951493726,8.330102176408092,11.021567868252328,1,1,1
21.54044027304772,2.2519013693660286,7.751566351044443,14.116535289482714,1,1,1
54.699783000053756,0.4854212822614217,11.325820824138498,12.774834351255603,1,1,0
16.939387713840738,1.5345720696295369,4.323224756095294,8.217151142890806,1,1,0
79.92017266061262,3.1659167561195805,11.94610252395644,9.501130963603947,1,1,1
26.65050439803181,2.8312312688978136,10.369049139304035,23.527398919286018,1,1,1
91.59095559685701,1.4730497804223786,10.377276051906685,16.80474479264933,1,1,1
25.619263407405196,2.514841628856322,10.78385684650613,11.6453421039636,1,1,1
58.04262660018062,3.78056209369153,8.988823052074633,22.077722945747205,1,1,0
43.96938670834642,1.4025541317771648,4.694858279363572,22.668826253625006,1,1,1
91.74234361068015,3.327582151044104,7.404229174734489,18.156045854289044,1,1,1
37.768736817446296,2.031022868752411,9.254604433646588,12.177658787413803,1,0,0
58.21557462238774,1.5158237484303647,1.7704037855612458,15.6575599913375,1,1,1
85.63775508383945,3.9490373225586155,1.6817837929197972,8.197765321774455,1,1,1
13.999478918866377,1.8370963058101648,6.136942351696175,27.717261007606357,1,1,0
50.36567277768088,1.65207126877049,5.307672377282897,26.466366649502724,0,1,0
83.93776364979567,4.108746793637474,11.737893423947616,13.697268329902741,0,1,1
29.608598087154494,1.689064324158929,10.028387696966423,16.152491332624336,1,1,0
17.062336400637058,1.0383195897027668,3.8655438139016014,27.08681256237697,1,1,0
58.72879373071291,0.5551975825673641,10.362699126061981,8.458209693037555,1,1,1
79.36023186209157,3.263815150757969,1.6515715656054355,11.576969752822514,1,1,1
85.5017106560252,3.211717076573251,2.2854167764322963,15.52854816953748,1,1,1
49.89362162092813,1.4666425791603024,6.445365232093421,17.07057858650842,1,1,0
23.509855834308745,2.6086731008859347,9.746188435649193,20.86852574727477,1,0,1
6.19295264371371,2.635158255477899,4.301677597568084,24.9027873040597,0,1,0
40.86021084912267,3.5444044724141,4.569721128044813,25.514300271471793,1,1,1
17.799895081776974,0.29915426949442364,5.346474072774635,13.762683692186894,1,1,1
59.104148862454146,1.5951950251674212,3.8038516428282407,19.51955864390026,1,1,1
68.12662355251663,0.3168304958469513,1.456646550086122,17.4964776602888,1,1,0
67.37489710587644,0.8632241482525151,8.482581492037188,11.933461279765268,1,1,0
24.515910538853255,2.3640658549205007,7.605236008560713,15.06915221288426,1,1,0
94.25678363794509,2.487768472071752,11.185886551647386,13.131829896096578,1,1,1
75.99524566427296,1.396301017716674,2.2691618910357696,27.803996581942677,1,1,1
63.851800854470255,0.671945493322254,2.209946903259248,23.007686740221995,1,1,1
78.357855415943,4.0241141727763114,11.97245068279768,15.12648841097135,1,1,1
91.08252688917217,1.2238470067534808,10.032799406136414,10.46023150756178,1,1,1
37.30300089866056,4.029501768874144,5.317914667892188,26.262523326486868,0,1,0
77.02690661351632,4.068004734780851,2.7390297301732254,22.10623401452536,1,1,1
44.012408724050914,3.14551494796185,2.6134347441394232,27.03158164298457,1,1,0
42.15137353076741,1.3667831347183552,10.441750825469509,21.795823685476435,1,1,0
94.40543147949852,1.398163201938872,2.214775216259088,26.695466839864608,0,1,0
19.078755484361544,0.7039976046192435,8.524506726710985,16.976179791356465,1,1,1
51.25590789534326,2.8389139467592686,9.580700725542282,24.642218510134505,1,1,1
78.13465891358697,3.198355729773637,3.223976084327902,15.545158989521056,1,1,1
64.08727989660349,2.844861623838208,2.8029704717893544,20.730335671702665,1,1,1
41.704084084568166,2.554178464998238,8.264592253226171,10.979750712386908,1,1,0
76.24103458366542,2.021665491483175,3.0848870142899982,9.532397606626944,1,0,1
27.61762672134223,2.433853586903773,6.186513276880266,19.023566501756513,1,1,0
52.816293556791365,1.145754950804583,5.231448044273776,22.14400837066257,1,1,1
51.821061560074774,2.475882318702018,6.350686780418393,25.729654650352987,1,1,1
20.366066089675527,0.9073196990058638,11.288304828136981,20.963048061640926,1,1,0
22.574605405163794,3.266814298320053,1.0994824926945315,14.881390851360635,1,1,0
83.36681817128786,1.2736980289070166,6.329089815497153,16.647614867184735,1,1,1
16.203301341248807,4.029233802810485,4.891750210134413,8.654546474092912,1,1,1
93.63217432949098,1.7883850669158787,8.94376454025456,16.842229432445826,1,1,1
36.553210233216646,3.4628396276523503,8.810181197323287,25.51591604160024,1,1,0
93.06300408734351,2.9029647192603454,10.03533603269372,9.826747999072396,1,1,1
70.83558936096351,1.7366483075006,7.90631809954021,19.666404974866477,1,1,0
50.57416554077158,3.8150369427111936,5.391202464260562,9.933959604718032,1,1,1
84.96717673859263,3.3167563811181138,11.49730100211909,21.120228771994512,1,1,1
16.116088825016604,3.8558088990525214,10.028021419169024,12.150824284783807,1,1,1
56.798354609013444,2.064503282329587,5.8723961501177895,23.725738022968677,1,1,1
71.85300464515426,1.0010984443808437,6.40856405746587,23.009796384142444,1,1,0
71.7868249679256,0.5615837975564684,5.029676007785542,13.42867856093174,1,1,0
33.99252445298781,2.521333504781749,9.444093960850262,21.231779696689657,1,1,0
11.428334234580227,0.714061176670618,11.521742223642692,18.863830842939805,1,1,0
91.94522859523393,4.0875070490866,4.191798284265301,22.541753324094458,1,1,1
88.45167324042382,0.4692629848534267,5.316462104372182,22.782553854512983,1,1,1
34.697704830355505,3.5453799840493057,5.284038969135414,27.52188783117494,1,1,1
81.4423688337562,3.5105217001806572,7.289420491256616,23.540243611224657,1,1,1
19.55271209449399,2.23149659090939,3.6710890515804335,17.125899086961137,1,0,0
31.618229518964355,4.052314300191351,2.9724850606141757,19.02857117798269,1,1,1
94.06223257993923,0.2539282979443452,10.875165774319902,9.91787409784272,1,1,1
16.020477346942208,2.6839515209749853,1.4518100045998328,11.249401232758535,1,1,0
59.36431697712884,2.820342743565087,1.4181290016626804,19.73586085808493,1,1,1
72.35801659534302,2.5027680199693614,11.22244163371842,16.53825770218124,1,1,0
79.19300591373626,2.7964245968458745,4.1044236644919145,21.746771246299904,1,1,1
89.83814254056168,1.6585270059564656,3.8300586632030598,18.419592005979517,1,0,1
12.624207938215532,2.0720777731014053,1.898632075738746,16.29784579109697,1,1,0
71.3117469775412,3.8295345464285746,3.1876890101122832,14.88440377938458,0,0,1
65.82957187489885,4.033035952055605,5.764010070714216,25.589026012322353,1,0,1
51.787464380807606,0.3033865305038395,11.876286384856499,27.430702756669483,0,1,0
30.01569401965156,1.2045057934326715,2.4090853670553343,24.694082364070482,0,1,0
82.5179232055722,1.9687571252138836,11.511920638501273,12.986840457716173,1,1,1
38.67513212172264,1.5857721408179353,5.842061234379735,17.844820682425095,1,1,0
66.02341387393197,0.26367582200805134,3.07482553759538,10.117088863875816,1,1,1
35.910874711344626,2.5654567511351796,2.5310567886246638,22.03849113218755,1,1,0
46.050449493397174,0.9762428766576361,9.601163816608063,24.461285134400306,1,1,0
93.6218617387505,3.7140235118685005,11.735559438773755,22.999095020027013,1,1,1
25.133722518178438,3.54390285770243,3.1566663162654285,9.941565124727534,1,1,0
81.77310848004899,1.5888780052732516,5.577009001294144,21.821514677013756,0,1,0
12.218785182780767,3.122168075012482,9.487555136965335,15.249986442832919,1,1,1
92.02534251919859,2.5400530929004472,1.9647248217039976,19.913608353314977,1,1,1
63.180114695005344,1.948566555644213,7.0703208333580685,25.979658865602687,1,1,0
36.93678351340378,2.8980890664113708,8.963736495036448,24.92012560942463,1,1,0
77.73080360943143,1.2704310806681154,10.521946765024135,14.44470248192123,1,1,1
73.26879162041008,1.4966812130356553,8.66693250836259,23.105282451123657,1,1,1
92.42694545108986,3.1926813741204687,4.274988739796986,12.71423151289978,1,1,1
69.31385562801051,2.026424713836911,1.7081096029048082,10.52806991440552,1,1,1
75.87121680350192,1.3335960002637235,3.926489709123974,25.51280511340021,1,1,1
40.759927321966586,2.546373727442675,1.3522377139436836,18.66912858469938,1,1,1
79.86484540798733,0.5371653102533471,6.877867078101922,23.31096884865874,1,1,1
75.67576728620051,1.1075499963660114,9.796649462485306,9.587662236112372,1,1,1
50.59601421742024,1.7441584920499287,8.422788108466895,14.2692383391642,1,1,1
28.852154176860072,4.049424886288679,7.688936602063772,26.21127283265361,1,1,0
93.76581174333252,3.1332002974629343,6.301701265553714,21.14218280790521,1,1,1
48.651125840898004,3.0728328511844087,11.503197374236677,26.88748850604149,0,1,0
78.8342660234392,3.527432058843634,2.0369137578898986,13.101952915613953,1,1,0
11.97031247855395,2.4082638107382786,10.149606388655942,12.712578572526954,1,1,0
34.57231594769623,4.0024380780627045,1.8367412632253046,16.00067631101735,1,1,1
24.260886542817804,1.0308242023890044,5.512930377661147,17.447994019492246,1,1,0
72.98020435288278,4.032587881516394,10.967650993506332,19.07460630956436,1,1,1
41.41963355579748,0.5556773822437207,2.1528953748981956,18.56994317446111,1,1,0
78.75406669523781,1.443794501147875,3.0578346717039104,17.47396566956466,1,0,1
37.61337729330522,4.1544639349408,7.560575245347426,21.79817270930448,1,1,0
35.53634995904261,0.8616996764700502,9.260339104227848,18.07691486407016,1,1,0
35.92149281381331,0.2881757519432034,10.575136863366662,15.679968518382251,1,1,0
28.57986488262932,2.4420344744797324,6.165418858463025,14.401462565716901,1,0,1
58.185997774067054,1.1196328524755559,11.770202527729897,18.82814243066798,1,1,0
52.725516152377516,0.5837846887522884,8.111308300827146,10.433226321681147,1,0,1
87.7217300539499,0.5806017847419891,2.572413732086019,12.81386664594206,1,0,1
38.06097814420533,1.419935877906539,9.387121224468663,17.804860909850916,1,1,0
18.169217827768385,1.500112406415971,11.493247265027312,25.8424693864476,1,1,0
84.65701535132972,4.028798042218693,2.1630822631112996,17.152101372751844,1,1,1
91.66843929079266,0.8432508710579143,9.227871409514913,25.770164098004702,1,0,1
55.89266606367644,3.4331317022330516,10.664912151946066,12.573286524936474,1,1,1
12.582647097556169,1.5843155860867728,7.037180850522468,13.274762105695256,1,1,0
51.72206210014024,0.7506522392521944,3.122295244673945,10.980373149394532,1,1,1
23.712846141417145,0.3593745846943433,11.740406912192778,23.6127527524362,1,1,0
37.589361654175995,3.6266392478181766,5.447439277251879,26.724643978662296,1,1,0
44.28696056389561,0.9528037946352172,4.945830647640138,18.996556795555534,1,1,0
10.906633978171413,1.113780080964889,3.9967791534418793,8.529153108247595,0,1,0
52.26107804464128,2.100690847768163,7.56016140105459,20.349920568580078,1,1,0
52.344151282510914,4.149515157529153,4.88603092986482,25.733205196364377,1,0,1
29.224125860175114,1.8919877152158449,6.846157041756069,27.750490571747427,1,1,0
15.170658044970024,1.01634429545351,2.0590817627490727,10.952864793067473,1,1,0
59.89538743303922,2.6662910265323494,2.5674687261114717,24.360856580102173,1,0,1
65.96482144552878,2.462805998095471,9.750523353625816,24.676257530179527,1,1,1
93.85457902984898,2.796055116709941,8.891232268025185,24.840531456932702,0,1,1
61.14137066878316,1.176317313391728,10.785874230029538,11.687928281259651,1,1,1
24.128885267514548,2.503428625436329,9.964016883578864,16.231838284306612,1,1,0
23.869502050887387,3.479046225836963,9.231198985500072,8.75095653052646,1,1,1
6.369884026705175,2.065730274961974,2.149220230782092,25.050857055277568,1,0,0
13.607595213789237,1.0190078192009084,6.164351029072875,25.283395254477472,0,1,0
79.43826929377241,3.5481642303069854,10.830536806944524,20.927710400044617,1,1,1
8.334329042204493,2.40197213783027,5.7497070146957014,8.536170858515444,1,1,0
47.20756311643214,2.401942027226165,7.714145822523764,23.59995675169124,1,1,1
23.541047779431054,1.2855612590205416,11.974510549393525,23.977932768278365,0,1,0
63.39573092612282,3.7243827382323578,6.423963056096381,15.279332584321196,1,1,1
76.23946649063868,3.132207948078842,7.69568114578823,19.04167350800659,1,1,1
55.94080138067143,3.6181444469545627,9.075838847862027,15.859272257500052,1,1,1
68.62275544339539,4.154141977448181,1.6529144341138298,11.527306070075856,1,1,1
8.819099532372704,1.464772233294384,11.039307018051163,10.064524230638021,1,1,0
14.172903620033575,1.2257822366015019,9.72105706685843,16.360818415253412,1,1,0
10.46668078972866,1.5174542470589178,11.870712241569292,16.630140309281657,1,1,0
28.74125530899458,0.8642125806626211,10.549768532222343,14.173249144909702,1,0,1
7.007364630217489,1.8449189025232562,11.46618945099595,25.232241406310543,1,1,0
72.75964331096723,2.1219123761430403,11.231207940330663,20.350133078346328,0,1,1
81.90105182417624,2.899041026027926,2.8612323536947986,17.272972846679558,1,1,1
74.06185595618582,0.51025710855259,2.9783748966381243,26.113473074870832,1,1,0
29.142614283385175,3.3364847814274983,4.486538250453917,10.865327193309984,1,1,1
42.75458054309152,1.6327078455137387,5.414529101437095,14.081878946916653,0,1,0
64.16029587370463,2.3282415149410305,1.663184680487279,16.504700882012806,1,1,1
20.859732109195715,3.398621941708059,11.239999828300544,19.818212935720336,1,1,0
34.240514088296095,2.4446457474177206,7.406991064844457,27.007492873213238,0,1,0
67.90084297739223,0.9588053188158459,9.458962153718204,12.107853853030875,1,1,0
49.85216639227861,2.609532733223241,6.473352693944754,12.436616675786336,1,1,0
40.179082770659114,1.0912575816612968,2.7740186807941556,13.634453003844724,1,0,0
25.579640476983055,0.5171430636871344,5.509677311369105,24.367872200565476,1,1,0
76.50551299913026,3.9741668161015724,1.3901869603000745,22.63582555333742,1,1,1
33.717465914027585,1.7122493088861084,4.5480110822047335,18.681229664997122,0,0,0
43.08990482082755,2.4140076738281624,9.342551420555589,8.937791346042633,1,1,0
55.424609151986445,1.5628917000564868,2.1240439947675607,21.158706453023235,0,1,0
22.455869825156064,2.64185310028882,9.116860600421438,9.85259559132972,1,1,0
86.38426309130232,1.526530387225111,1.9449399138947725,8.480433678602488,0,1,0
33.71175095521882,3.4982236074026525,7.906240776729822,15.390010236251,1,1,1
73.4879215631982,1.1082133050932808,2.781282210699633,26.408486180513187,0,1,0
63.54577213227847,3.763854427614252,8.051419318601628,17.168060262916676,1,0,1
19.870941021754643,1.553062586027685,11.674606670018184,26.87271965383112,1,1,0
5.86544905444592,0.7674914359199223,3.809842720134843,17.902355526876633,1,1,0
46.99604829231875,0.7326915425268579,6.933319851930571,10.114425017890674,0,1,0
72.78465154230373,2.653560762508084,8.873940990078887,23.951926236508527,1,1,1
17.01345489191247,2.3538713356000307,3.643309155549085,27.057896771298864,1,1,0
77.28978376800087,3.3466242647308833,5.451561635644528,20.115974278149334,1,1,1
22.666448569729766,0.9368891833532296,5.4894396599330255,27.64198641122198,1,1,0
38.65134926968727,3.880158792460075,9.944722546766183,20.019319079014117,1,1,0
16.110168924700382,3.229492481158591,6.39918948946227,19.43126652696087,1,1,0
19.204973889326162,4.100932335601402,2.8147502129797735,15.298951108199194,1,1,0
60.50037157746598,1.9225856930746337,1.7193271250706976,15.241818215614844,1,1,1
71.71082611034964,1.1926149910895505,6.72159545712542,25.257273453755214,1,1,0
9.834708885320568,3.1550681576944744,1.7974148590491419,9.072988618745178,1,1,1
80.21599233965013,3.8181946917348633,4.481156069422411,24.03279855365264,1,1,0
54.56759006623793,1.3996928321111926,3.3725694947099685,23.369950389778705,1,1,0
55.60722482788969,1.1525789030178315,5.7367169938158655,23.993541061995337,1,0,1
51.08853654964522,0.7890033845729076,1.2909413820699025,12.366840361462705,1,1,1
16.40097793589369,3.0688175685526997,10.476817335815891,24.670885963188546,1,1,0
90.64665217388377,1.376524110303116,1.4015941509254917,12.533712921882556,1,1,1
83.63602234318728,2.5058642509352915,10.301478723532062,27.79348726635139,1,0,1
15.152210775289783,1.9776516649108575,8.473781611458515,13.343151571155012,1,1,1
32.11697052005294,0.569243808856237,9.060810666514524,22.373506109054297,1,1,0
21.7197037609512,1.730222851542491,2.438563468398464,20.360676714436668,1,1,0
43.80457739561931,1.6809395644490481,2.24961071599653,27.427436624574522,1,1,0
44.56852074542326,1.74830578666434,10.357219461773163,21.658951758401727,1,1,0
90.20621267635192,3.9518261577368308,1.2509764390606173,16.60811273328093,1,1,1
65.27100467707747,3.741043738513177,2.971913348171249,14.059921227548188,1,1,0
89.99843990321499,2.849061978440695,11.786359103255478,14.006033852451152,1,1,1
81.45296160527575,3.8760628848949024,4.843545157281129,15.383972030365435,1,0,1
19.948026263594663,3.9079268461559793,6.13322670289981,16.34922229262497,1,1,1
73.47486312325944,3.9782844025005697,6.636086216351009,15.114787030219624,1,1,1
58.976132163949146,3.237032466477109,10.604590182312123,14.774191271855145,1,0,1
18.0005647480371,2.433782161873633,2.596147164844277,12.39788858466672,1,1,1
55.534264233797934,0.9299780067086767,5.430749548635452,12.488235660276729,1,1,0
69.06643657772645,0.9246010872535082,8.0650478586943,14.386926086384905,1,1,0
18.540631731179403,2.7089855067086703,11.635504956848585,10.498693780389063,1,1,0
85.37439349657187,0.2531451398627936,3.45671091368905,17.976467274020273,0,1,1
90.61823422901476,0.5358828554980748,5.130573940761454,14.119532428577024,0,1,1
94.70004216145466,1.219280509594684,11.455981469785662,24.902257205831162,1,1,0
6.466260787904323,2.5344963216328056,2.7988218877324886,20.201077875861227,1,1,1
37.96724379866104,4.0446602643787815,5.500848432508893,11.656673359018166,1,1,0
20.47240464853896,2.0762891258497573,4.244384331079274,18.854527293874092,1,1,0
17.250352417465336,1.0451977919380278,7.022078640056986,8.990596117174773,1,1,1
59.1295921218251,1.4971648472136245,6.85725807293037,27.405163753156916,1,1,0
45.76566701411685,0.7144349791420603,4.183495574832656,16.446069332122665,1,1,1
63.17951939579518,1.09450304917741,8.573569374143288,13.759225453660235,1,1,1
74.73767366406061,3.1971004075242653,11.804179221528571,8.518121993401028,1,1,1
42.78260935360585,0.5787290853726208,6.165475771508477,22.42392681065517,1,1,0
80.14473319942033,0.8203807794900497,11.832516845791037,20.514248123173108,1,1,1
82.74998761541397,2.5905244412205755,10.00460064941866,24.10721481456187,1,1,1
94.85261434612524,0.6896236362549264,9.100308159173926,17.348522686582744,1,1,1
5.274187703970982,2.7348046726409634,8.091256613100548,24.97106075096627,1,0,0
35.29233088367768,4.086111723289762,5.6362564898862,9.147463196415853,1,1,1
89.9554280942615,4.044750137446308,6.802633291173923,11.11652503186876,0,1,1
83.1572738293952,0.3022636009487892,9.852926747191697,15.121210449466568,0,1,0
25.085847101171005,3.04622092036474,1.8760632101147445,25.492318781922254,1,1,0
81.460272238658,2.8586421229551178,11.613419260178034,8.494231687676148,1,1,0
88.52559331112005,1.9871198896915818,6.706909527364942,14.777748936644464,1,1,1
77.30118954842874,1.3068749838074345,1.0963547612768636,13.977122940039695,1,1,1
15.695796105246608,2.005445992434353,6.035268704670489,14.161611359081283,1,1,0
71.16710798071979,1.302821728515833,6.205435836216904,20.932804132950597,1,1,0
5.0528952233691555,0.22280289183872554,3.472130986582547,25.88735450133486,1,0,0
56.81431292302223,3.1693231920467215,2.509097466883725,22.41687963346273,1,1,1
57.20554191733328,3.417774981462651,1.3929024436422244,22.355825608542574,1,1,1
74.7595551893038,3.9486174629076407,7.8394769767311185,15.980622921884263,0,1,0
32.121869488968564,0.47391294716793625,9.80425873327676,19.21488078491587,1,1,1
47.89256024975692,2.5509666898072343,5.31053098394707,14.908249730572319,1,0,1
40.23968235726101,3.449768189484732,7.2122205567928335,19.525230322938512,1,1,0
13.519341483229727,1.7440554342394374,8.860483603391279,10.562086117484274,1,1,0
38.827484798196664,3.971813754037005,1.6634592882558425,21.15239968071702,1,1,0
67.7052297582954,1.1270440001527613,9.276910930401078,12.467534046201376,1,1,1
66.55902166190685,1.2450963736463356,8.308155821794669,18.74993441517483,1,1,1
20.74388381930487,3.2709006669787866,9.23536055823903,21.367644232277463,1,1,0
7.258184927913747,0.5724828020832187,5.42896417108123,11.714267937225433,1,0,1
83.89404895128627,0.9228059689131995,5.328581371479526,13.236537917136943,1,1,1
64.23099200504696,2.422930694990958,10.52038755669729,11.867160135460125,1,1,1
13.741582544027127,2.3860259438330367,9.798090094955889,12.398071916047599,1,1,0
57.98495628958218,2.9047853182411503,1.679641260886306,27.90987770333993,0,1,0
26.064814758570346,0.9388544447193639,8.17565098338714,20.962297154955507,1,1,0
68.05525687330075,2.1547598052883727,10.675649101106725,10.609514664238677,1,1,0
81.9025659481019,2.894938242459965,11.369625825722776,24.447337414876728,1,1,1
37.18808610572146,1.9165307628602044,1.4683924280966363,22.48052268526443,1,1,0
77.79906259050233,1.3420399282437192,4.594405529516568,9.219669013239491,0,1,1
8.825785790226515,2.3221062165218527,8.673979168942196,16.136044648853243,1,1,1
25.749938056672118,3.436646201880446,3.5418353266849194,13.720532374771686,1,0,1
39.16360244424345,0.855890720323105,1.3826201319162932,12.77146989908958,1,0,1
47.00884343480699,3.5745782954660554,10.631931502343395,11.379567824730279,1,1,1
44.64191900849823,2.0448741263063455,2.192306615623118,17.44600790128805,1,1,0
85.83012574153072,2.8192696306266782,6.246055761872087,20.92350182524082,1,1,1
28.183352642346563,2.626776842889692,9.231786369964661,20.012439089803014,1,1,0
21.12455143574743,3.7860942501508585,3.991620556242687,19.013017760694495,1,1,0
82.78204005732582,3.1741222015953254,7.0607857268348795,13.333299141788135,1,1,1
57.94879462805354,2.0346362738626182,1.0714345517094885,19.999186028218794,1,1,0
62.18492849054145,0.6037879742370837,2.8070261487258557,13.962327714117372,1,1,1
43.24992094039647,3.7069021053387514,1.3529319293971562,24.242628759591952,1,1,1
57.22933012951158,3.758856062500144,1.9225592558571032,12.454131476675409,1,0,1
80.85707030273366,2.401400129380325,6.177790809195927,12.653671029176166,1,1,1
24.6860605313127,2.686727455630793,7.89957462115204,11.787059101977743,1,1,0
47.748779978893886,1.274515815767683,6.754623524676097,18.691757755802552,1,1,0
30.580390246380464,3.1503789562711524,10.617921685574657,18.13151179137861,1,1,0
56.507328930792674,1.7510315978001298,6.14067466350335,17.88112466002942,1,1,1
35.7455108696178,2.700325452108341,8.929868980741261,25.775231494695255,1,1,0
36.10838281987185,4.0908209716071315,6.314597064101005,8.220531208076512,1,1,0
36.69149398385515,4.09065263591959,1.67331000213975,12.067468802079677,0,1,0
36.030340822048586,0.5948882744420796,2.0170356239717053,27.91597070612945,1,0,0
59.64713533171755,1.6317859693812304,9.028140537836757,14.345643596204136,1,1,0
15.259459657017882,3.0013635591152155,11.053362916672606,17.396490528814258,1,1,0
35.73368881629693,2.134641515340897,8.752259606742948,12.928715149656174,1,1,1
6.342580571386894,2.812313247618081,11.154365997192462,16.445837328386006,1,1,0
41.21361650568843,0.8488823920837547,6.541234791822399,13.155788598777832,1,1,1
17.714686932231995,2.3369552270693914,9.393675404590304,22.59265864735825,1,1,0
57.716937838494914,4.0717345540050625,5.330513695298326,19.05042418684456,1,1,0
22.363774366069805,0.9169903813049347,6.683382732837401,20.976196487380744,1,1,0
94.0987855261325,1.8249481935256584,11.181348798205814,16.973439944125747,1,1,1
69.99586337944748,3.6369380805214955,8.599978906430886,24.810705411875297,1,1,1
25.596807511095978,2.0792320093557177,1.0300799050508136,17.541353032990294,1,1,0
92.48514225687059,0.5685485920090765,2.6132899332511665,24.929176358517633,1,1,0
80.6970521306115,1.253972260487745,8.755795357323901,27.982939976630597,0,1,0
16.04232125895999,3.4845307783499595,8.400265996595255,20.2528623464091,1,1,1
64.93305372765278,2.016467527182627,9.8332670181025,23.114135222034506,1,1,0
83.50031788558313,1.7729420975796837,10.444922153689173,20.09646088427214,1,1,1
5.331271046270468,1.048167150853107,6.953027328155082,13.27981426167835,1,1,0
16.041718357764374,0.2960795851082912,3.9701680000748834,27.60031390041374,1,1,0
22.15650142216693,0.48927220069291383,1.1483974527921792,11.723675790849759,1,1,1
61.28920988842708,3.1316546667471843,1.5877322341449933,14.657760138664084,0,1,1
58.07325738086245,1.6093761110198714,5.605522053543657,16.942421560937476,1,1,0
13.959146589399907,0.7571556844762626,4.062932937527362,26.768627813725843,0,1,0
15.969082882470675,4.170252675514444,10.009158296467875,26.720068027113623,1,1,0
13.403213865727272,1.3850601955066655,1.2578481710787306,20.78107855021242,1,1,0
43.33333583762565,0.9053019750307192,11.075225867909484,25.037192022859422,1,0,1
30.44776362951933,1.947318970049168,1.6161405122249815,14.345660485969503,1,1,0
44.821516121335236,0.510434385165669,5.242254233162423,22.79449595166411,1,1,0
89.01914902167626,0.7541075720378185,5.70459296032586,23.365734943590525,1,1,1
50.87614537311997,3.0464867014440076,3.5449518090643277,14.501629709719674,1,1,1
37.981467132221184,3.8483542983346366,10.30597857283017,15.658463722060135,1,1,1
41.40458302499117,3.8224770823816843,2.7112658758083352,16.76143656254093,1,1,1
61.40050234951076,2.3026711811053295,4.796702816236647,18.60274134166764,1,1,0
88.59257001938471,0.8018380177949782,6.431250752371527,19.44232264107739,1,1,1
46.36598970964046,4.007729236227583,7.842385579834771,8.313326646413758,1,1,0
78.04668471697512,2.207646342809294,4.187605827930581,19.755726305474415,1,1,1
71.79803387256929,2.1338017551606003,1.2829403587900994,8.76512716019407,1,1,1
65.54591515251278,2.9706768609324494,10.528387636543485,22.197546027664934,1,1,1
59.60781799008835,2.749344564243606,7.072181805556649,8.405459836585568,1,1,1
60.613339817906756,3.1483459864875125,10.436047732983857,10.14792783455051,1,1,0
49.91343506638424,1.2317253550795428,8.915979842704317,8.932352731934987,0,1,0
16.60757969852956,2.8018910237261587,4.61875901134372,27.486067374365362,1,1,0
63.319565937228184,1.5706127898539675,2.9887946143797026,13.38117411249125,0,1,1
15.078712863186187,1.5435130685435345,7.2770777593110765,9.934965115931268,1,1,0
73.8228201745662,3.665594368446384,9.817410837609378,15.002777543337489,1,1,1
27.71556625245016,0.4404287093560229,4.951571510502477,10.493800177736631,1,1,0
68.77794988860519,0.5211391131583729,11.60871583767371,20.493773469150685,1,1,0
58.59903657031691,3.123668118264681,4.032355460444267,25.656539870214157,1,1,1
39.21771542183682,0.42125271722707397,10.677652299970571,25.115419302906403,1,0,1
68.50350776844056,3.52100989299361,6.161876486437334,23.13445408253874,1,1,1
94.83430112700933,3.1962781110534575,1.2619966714892348,22.98421081921835,1,1,1
55.40772458854888,1.0135421122485344,10.25986766212344,11.554407266411113,0,0,1
55.231468588240254,1.5994983464399726,11.782135768324878,24.32568939340974,1,1,0
56.137774498626186,2.6783793468106696,7.660236006668784,11.591394721161592,1,1,1
7.433202481971762,3.052301500804906,5.686008012454179,26.776332600180048,1,1,0
26.65735827804984,1.6533968129609857,2.258247904873908,15.797708531408073,1,1,0
76.28574610367058,3.4942230131475522,6.314811658093898,24.73366854831307,1,0,1
15.736413173078011,3.2935912293229146,8.389519165402287,15.269746526820466,1,1,0
29.394653825144314,0.6479073118693932,8.946232660149146,13.658452673254036,1,1,0
91.85053235608102,3.1685472200054305,8.34893729158182,20.9329830924854,1,1,1
94.91707629651955,3.84390693899256,9.397153276639653,14.226576626457154,1,0,1
45.360093960065974,2.696971132571957,3.6783161363009884,15.821232950702878,1,0,1
17.51865188254363,3.767814967663494,11.640619134132319,8.723422913342995,1,1,0
76.00740426279454,3.2753235666498233,4.844529400271363,19.82114496241015,1,0,1
92.84195678667886,0.8156271548944065,6.179115794865811,18.446929990214258,1,1,1
49.98194452382363,3.813558994345532,2.1027734831667857,10.479747072309655,1,1,1
76.4092319117987,0.6441509138416921,11.549074455344028,20.703833300239104,1,1,1
27.89772337608023,1.0684540486731458,6.143760742899074,14.167099841577723,1,1,0
77.60872380131266,4.049732928414029,5.701443066766967,22.86954470057247,1,1,1
5.925840440294124,3.3682329236668753,2.5950997535537588,8.221424920137421,1,1,0
90.77916847687452,1.6460936348597002,10.909401788390563,12.022168916322912,1,1,1
46.6288429262972,3.325080526523968,8.988243244322671,26.425278828116326,1,1,1
57.11514130827755,1.9577572912527688,4.267146674947196,20.80975446925121,1,1,0
64.76482849533524,1.2618184522824325,6.29574864036315,12.426813956615794,1,1,1
45.74689823392932,1.6591677326344352,7.246769004220865,13.5175591514708,1,0,1
39.32379736765292,1.695306139662825,11.944003925538347,19.716307418313203,1,1,0
28.36959053595849,3.7910796029775775,6.192365670781248,22.410513130478492,1,1,1
57.23684572256531,2.720471003194067,4.10311212177362,20.228555012113617,1,1,0
88.45117599491145,3.0653812552029174,10.194895254123807,14.467562249337622,1,1,1
80.60139605483171,4.184505649991866,4.625347847098169,24.34754760987141,1,1,1
22.793629487738972,1.223226169404368,7.1747536496094035,9.016835655710635,1,1,0
65.8312569139026,3.668283458154188,9.853754795886015,11.08962053579257,1,1,1
82.09530514034931,0.7772125706138768,7.209324381504423,9.506208889627176,1,1,1
21.70903385509428,2.231250556770749,2.044739529937299,19.274879802018233,1,1,0
48.307881809747364,2.353206422960013,9.985340345071066,24.470590693180313,1,1,0
48.743692977073216,0.8534484186739075,2.254386934967065,13.125090266670538,1,1,0
60.32303820781246,1.0550323682023037,7.950419307065842,10.219323905029327,1,1,0
15.30649155934499,2.8577393187788322,2.959419853433474,15.748689765523578,1,1,1
50.945892760996855,2.283518735023598,10.874686048775132,19.360656989731552,1,0,1
49.48772837053186,1.3545400793413471,6.060129519219894,11.197822766403235,0,1,0
77.03873851850233,1.3640355756351157,5.296924946959248,14.169632372096135,1,1,1
64.21144623832267,2.7920244304884463,2.89422516599245,8.88500014723423,1,1,1
78.97094098083308,3.1473794238506456,2.8281445461210417,16.988352016169323,1,1,1
42.633850426837746,2.5275880614857287,6.963575484605732,15.320272649216326,1,1,1
59.57697895383719,3.226728266762924,11.370547969632128,9.621605757175788,1,1,1
18.850853380522175,1.3041404114318162,4.970001166388007,25.795633498022298,0,0,0
71.88647942777813,2.3826713376383526,9.32866058222325,24.174423569806045,1,0,1
91.41311192239452,1.1189814242441434,7.888545682580228,20.08789504280541,0,1,1
72.60567346833055,2.2544789412119126,4.782941251036215,23.563897189647378,1,0,1
71.24902502013883,1.8515547835859227,7.910158852318814,18.137160712120586,0,1,0
50.20938720457745,2.745668775818645,10.590819623831432,17.38203338269008,1,0,1
88.36300800487858,1.3047643506193147,8.45830163445629,17.264012899992746,1,1,1
68.58360784422713,0.6816826348011513,2.147211552293668,26.195558922708273,1,1,1
88.83996067885982,0.409466184320831,11.006129208312302,17.1646700299828,1,1,1
13.217230476403067,2.666417251279967,7.7691772829921755,27.385380571838922,1,1,0
65.36815328871666,3.2433990792483374,1.5575084548579217,8.80441803722406,1,1,1
32.91252657853624,1.4490414202442652,7.661921748630684,20.1106018743812,1,1,0
17.902559779176404,0.7429625213631927,10.448921741710413,20.604984227592325,1,1,0
35.84873259840622,2.305996069404081,9.275176055321259,10.795193702340157,0,1,0
63.70604961528006,2.8471017031221337,11.585463686358523,8.043052614090284,0,1,1
12.695555711014627,3.8747698079332236,1.5092867233692076,14.893281927701612,1,0,1
10.239675387650916,3.459585901865846,3.8849891066533,26.441876824718474,1,1,0
71.89969691666901,2.0109984658828446,7.292154712853338,10.678293131148216,1,1,1
46.08999240562623,1.51615162020206,7.229923646522796,10.736592990111838,1,1,1
48.48063629109036,2.0771293084401763,9.706985955845099,27.449225499724854,1,0,1
13.056981481474082,0.9132513552030532,10.816707816769515,8.457467163138896,1,1,1
6.7361041210789905,1.1863981060413862,11.041483452364796,12.842658911099349,0,1,0
38.12725493622248,0.4172354064559863,2.4116583355455044,22.3350656922227,1,1,0
74.3439991632986,0.6074638329386437,5.5992690605644375,18.083069388521587,0,0,1
30.912621479270147,1.6570300550530355,2.9141600770687366,22.18611940514048,1,1,0
55.64471579977904,4.087778064176487,4.445545810485125,25.131230395509654,1,1,0
36.56675869307266,2.3522426783172357,11.408332597904248,24.414117892809998,1,1,0
23.13172531711969,0.5041875855373139,1.6868506481803132,9.332524372863322,1,1,0
57.98426614408362,4.060465751595911,9.470361358739563,18.766307139955146,1,1,1
25.08449278641844,2.0551793245491243,7.387952247759464,23.58734469437529,1,1,0
50.8594633522248,1.74057338894436,3.613213354856975,9.021648125825141,1,1,1
27.760086736504633,3.5781171671110013,3.389642558239906,11.091055750507,1,1,1
26.619337370896844,2.0198163791205244,8.33350372146419,14.643680228181958,1,1,0
10.511045651842,1.7088822162864792,3.6424596601186625,27.355264830576473,1,1,0
27.325272614382023,0.5058391370933732,10.063995020554522,19.609940537832767,1,1,0
66.47919999009105,3.824735244003892,2.286825006392931,23.418312494276133,1,1,1
57.066882513238475,3.6675792208076556,1.5893759267388194,20.960230723901194,1,0,1
65.10134183483177,3.3358318331810572,5.111390473649935,26.057374005785498,1,1,0
72.15509130140599,1.8642948297695716,2.7136414180193245,9.815553326951918,1,1,1
92.82902410802615,3.8469076981843426,10.77931633333637,8.4113592827008,1,1,1
47.74653264485051,2.254964447621074,3.96210857969662,10.310796702436164,1,0,0
48.58684619900738,2.3275249968862033,7.320705959896821,27.305061802170865,1,1,0
74.41470907153035,4.026149789313648,7.205981930458518,15.041211345968343,1,1,1
5.878935816563978,2.9914585116082484,2.232677451489386,14.648046104781473,0,1,0
44.21402893283743,0.795549046864348,3.007644395911613,26.708086438844436,1,1,1
34.61090339733145,3.2665565024598573,7.961179548586286,11.18885001702557,1,0,1
65.96067265385496,0.8775323432122184,9.008444269842059,25.047557802987225,0,1,0
5.345213292788183,1.0448831283385498,11.380012873866287,15.480371397809318,1,1,0
36.05286325090391,2.5671240138889924,4.629757897055342,23.275155648069585,1,1,0
89.34504380486989,2.95989819599838,5.092895890634546,10.448582723146945,1,1,1
19.76845804161829,4.196703576250267,10.312525264395461,23.343653591005406,1,1,0
75.10479180433705,1.8881842691263777,10.767735351987486,27.972888275472148,1,1,0
73.94402191318841,2.2621110817065393,10.903791431134087,11.760790755755366,1,1,1
21.991130899571154,1.5090016114106624,2.2152517327029284,11.370636343713667,1,1,0
12.232117706448093,3.596669796083153,7.489131505802136,22.69595223297878,1,1,0
70.72023566609741,3.4150490178163033,8.4866886794386,22.79538878763328,1,1,1
11.714133126711914,4.030269565134841,4.7986526919524675,13.91584043897786,1,0,1
9.010766227021772,2.836323507220413,5.082174074819975,11.08655393484873,1,1,0
81.94925446294644,1.4778385640323413,2.2990491333157292,26.795695549942018,1,1,1
29.568737440496406,0.597838941654967,8.64301327365857,23.854756743137003,1,1,0
49.016875148776215,3.4885827979896895,7.638728388346667,25.57758548846702,0,1,0
22.927068467491495,0.2073883178965648,9.272759861216725,9.481053562396026,1,1,0
31.719980174513026,0.2273732860475846,6.66253845797221,25.89405374451986,0,1,0
92.17841660259847,1.9722913744720254,4.598794758090378,15.538682032177071,1,1,1
46.62547461674385,3.493261317590613,10.628178579425384,9.301764038162315,1,1,1
51.25970756753905,0.8112786369987328,7.067760912661467,21.501644643826598,1,1,0
32.00140638332668,3.707197346556432,6.194736610092471,23.396203321405025,1,1,0
5.76522857925391,2.884978182486242,8.840998020421075,11.370213013743813,1,1,0
69.34939066631217,3.4759566153019144,1.171481281580598,11.814517438810919,1,1,1
93.63958448983519,0.6305633772769561,7.048551866560044,13.742000870140227,1,0,1
22.47831635150147,2.5629513274056364,9.216418384975952,11.052435509247292,1,1,0
62.44646710309583,1.9928734800408423,11.699595962546756,26.794694589949202,1,1,0
55.502464502266605,2.5336682230729393,9.520364317442098,9.240049448640157,1,1,1
62.94351996871036,1.5646249003571115,3.8667401492924043,15.743099592820657,1,1,0
55.16174952799965,1.415810482119418,11.415224992154029,14.663339347562387,1,1,0
66.7550764577581,0.7302911238758327,6.936670122274215,26.838446449139532,1,1,1
54.792578208942786,2.9568137328038766,10.759136565251907,9.184065030269455,1,1,0
62.312806459220916,0.5273522337862195,11.6824114018094,15.425277747939798,1,1,1
32.477341737167656,0.41749164446888215,4.163257120359098,23.489719205158753,0,1,0
81.3094969911449,0.8506601490251489,6.004556251515569,21.35416812463411,1,1,0
90.58272623961263,1.841978077138257,5.059414482512124,18.95550576381616,1,1,1
54.379917542304455,1.8386815729413952,9.034423378004021,19.028540391905764,1,1,0
28.34350234405349,1.9814288206735087,10.126554336757078,20.365843917854956,1,0,0
14.207163669050168,1.2364620591515003,6.212906449077821,17.90936898591129,1,1,0
72.44197379571175,2.35502988957861,5.35550547462132,13.337755683430913,1,1,1
84.05950207505727,3.38670369506968,1.1886842336090226,25.659432302936192,1,1,1
8.709280820888871,0.7092463056588232,10.479273080616274,15.08866063397398,1,0,0
43.5751024372088,2.7908068442548917,6.84996647540993,17.925930037995073,1,1,0
26.559282874266092,2.573981989223693,7.233883971797784,15.778525324115375,1,1,0
44.744403205463655,2.1325517965535963,6.22054190366434,8.897568299957339,1,1,1
24.81581481992273,0.2153751381233831,2.2871064930075415,22.359822842393896,1,1,0
15.606795246729765,1.9857731478661924,8.202711246700556,14.097021895665492,1,1,1
66.45543952484962,2.5707330811649105,1.0191410330852149,19.397182993498618,1,1,1
13.079698881136352,1.605661047814179,11.21903534565871,13.956308281455305,1,1,0
17.232037256074456,1.6582025740675557,1.5092213634880203,24.672365099188212,1,1,0
50.78889454397723,1.0984778961380621,1.0641830818065081,22.34766609059031,1,1,0
66.72888682962292,2.466390773354481,5.159708085893383,14.392340221363362,1,1,1
